Name,Description,Size,Script: On Execute,Gadget,Slots,NEED TOTAL?,Category,Colour,Upgrade,Weaken,Alternate Status Trigger,SFX,Uses?,Cast Backwards?,Single use?,Parallel Universe,Special?,Error Immune,Show Gold,Appears For Parts,Hide Reuseable,Witch Spell,Script: Before Combat,Script: After Combat,Script: Before Start Turn,Script: On Start Turn,Script: End Turn,Script: On any equipment use,Script: Before execute,Script: On Snap,Script: On Fury,Script: On any countdown reduce
Flicker,Inflict [vanish]1 vanish,1,if(getstatus(~ncr_vanishall~) < 1 && getstatus(VANISH) < 1 && getstatus(~ncr_vanishlegacy~) < 1) { inflict(~ncr_vanish~); inflict(~ncr_internalvanish~); var dovanish = new elements.Skill(~Vanishthing~); dovanish.execute(self|target); } else { self.textparticle(~No effect!~); } //i thought matz' compartmentalization trick thing would've made this way less of a pain in the ass; but... ok it's still less of a pain in the ass than it would be if i had to copypaste the entire vanish handling code everywhere. thx matz --ncr,Delude,EVEN,,WEAPON,PINK,simplify,complicate,,_vanish,0,NO,NO,NO,NO,NO,NO,NO,NO,1,,,,,,,,,,
Illusion Spell,Deal [vanish]5 damage|Inflict [vanish]2 vanish,1,attack(5|VANISH); if(getstatus(~ncr_vanishall~) < 1 && getstatus(VANISH) < 1 && getstatus(~ncr_vanishlegacy~) < 1) { inflict(~ncr_vanish~|2); inflict(~ncr_internalvanish~|2); var dovanish = new elements.Skill(~Vanishthing~); dovanish.execute(self|target); } else { self.textparticle(~No effect!~); },Strobe Light,REQUIRE2,,MAGIC,PINK,change_power,change_power,,_vanish,0,NO,NO,NO,NO,NO,NO,NO,NO,,,,,,,,,,,
Illusion Spell_upgraded,Deal [vanish]6 damage|Inflict [vanish]Vanish_ALL,1,attack(6|VANISH); inflict(~ncr_vanishall~); inflict(~ncr_internalvanish~|999); if(getstatus(~ncr_vanishall~) > 0) { target.removestatus(~ncr_vanish~|ALL); } var dovanish = new elements.Skill(~Infvanishthing~); dovanish.execute(self|target);,Strobe Light,REQUIRE2,,MAGIC,PINK,,,,_vanish,0,NO,NO,NO,NO,NO,NO,NO,NO,,,,,,,,,,,
Illusion Spell_downgraded,Deal [sword]5 damage,1,attack(5);,Strobe Light,REQUIRE2,,MAGIC,PINK,,,,_vanish,0,NO,NO,NO,NO,NO,NO,NO,NO,,,,,,,,,,,
Energy Ball,Deal [vanish]<d6> damage|Inflict [vanish]1 vanish,1,attack(d| VANISH); if(getstatus(~ncr_vanishall~) < 1 && getstatus(VANISH) < 1 && getstatus(~ncr_vanishlegacy~) < 1) { inflict(~ncr_vanish~); inflict(~ncr_internalvanish~); var dovanish = new elements.Skill(~Vanishthing~); dovanish.execute(self|target); } else { self.textparticle(~No effect!~); },Strobe Light,EVEN,,MAGIC,PINK,change_power,change_power,,_vanish,0,NO,NO,NO,NO,NO,NO,NO,NO,,,,,,,,,,,
Energy Ball_upgraded,Deal [vanish]<d6> damage|Inflict [vanish]2 vanish,1,attack(d| VANISH); if(getstatus(~ncr_vanishall~) < 1 && getstatus(VANISH) < 1 && getstatus(~ncr_vanishlegacy~) < 1) { inflict(~ncr_vanish~|2); inflict(~ncr_internalvanish~|2); var dovanish = new elements.Skill(~Vanishthing~); dovanish.execute(self|target); } else { self.textparticle(~No effect!~); },Strobe Light,EVEN,,MAGIC,PINK,,,,_vanish,0,NO,NO,NO,NO,NO,NO,NO,NO,,,,,,,,,,,
Energy Ball_downgraded,Deal [sword]<d6> damage,1,attack(d);,Strobe Light,EVEN,,MAGIC,PINK,,,,_vanish,0,NO,NO,NO,NO,NO,NO,NO,NO,,,,,,,,,,,
Sleight of Hand,Do [sword]<d6> damage[;]|on 6[;] inflict [vanish]1 vanish,2,attack(d); if(d == 6) { if(getstatus(~ncr_vanishall~) < 1 && getstatus(VANISH) < 1 && getstatus(~ncr_vanishlegacy~) < 1) { inflict(~ncr_vanish~); inflict(~ncr_internalvanish~); var dovanish = new elements.Skill(~Vanishthing~); dovanish.execute(self|target); sfx(~_vanish~|~~|0.2); } else { self.textparticle(~No effect!~); }  },Delude,NORMAL,,WEAPON,PURPLE,change_power,change_power,,_damage,0,NO,NO,NO,NO,NO,NO,NO,NO,,,,,,,,,,,
Sleight of Hand_upgraded,Do [sword]<d6> damage[;]|on 6[;] inflict [vanish]2 vanish,2,attack(d); if(d == 6) { if(getstatus(~ncr_vanishall~) < 1 && getstatus(VANISH) < 1 && getstatus(~ncr_vanishlegacy~) < 1) { inflict(~ncr_vanish~|2); inflict(~ncr_internalvanish~|2); var dovanish = new elements.Skill(~Vanishthing~); dovanish.execute(self|target); sfx(~_vanish~|~~|0.2); } else { self.textparticle(~No effect!~); } },Delude,NORMAL,,WEAPON,PURPLE,,,,_damage,0,NO,NO,NO,NO,NO,NO,NO,NO,,,,,,,,,,,
Sleight of Hand_downgraded,Do [sword]<d6> damage,2,attack(d);,Delude,NORMAL,,WEAPON,PURPLE,,,,_damage,0,NO,NO,NO,NO,NO,NO,NO,NO,,,,,,,,,,,
Sceptre,Deal [vanish]6 damage|Inflict [vanish]1 vanish,2,attack(6| VANISH); if(getstatus(~ncr_vanishall~) < 1 && getstatus(VANISH) < 1 && getstatus(~ncr_vanishlegacy~) < 1) { inflict(~ncr_vanish~); inflict(~ncr_internalvanish~); var dovanish = new elements.Skill(~Vanishthing~); dovanish.execute(self|target); } else { self.textparticle(~No effect!~); },Hadoken,COUNTDOWN,8,WEAPON,PINK,change_power,change_power,,_vanish,0,NO,NO,NO,NO,NO,NO,NO,NO,,,,,,,,,,,
Sceptre_downgraded,Deal [vanish]3 damage|Inflict [vanish]1 vanish,2,attack(3| VANISH); if(getstatus(~ncr_vanishall~) < 1 && getstatus(VANISH) < 1 && getstatus(~ncr_vanishlegacy~) < 1) { inflict(~ncr_vanish~); inflict(~ncr_internalvanish~); var dovanish = new elements.Skill(~Vanishthing~); dovanish.execute(self|target); } else { self.textparticle(~No effect!~); },Hadoken,COUNTDOWN,8,WEAPON,PINK,,,,_vanish,0,NO,NO,NO,NO,NO,NO,NO,NO,,,,,,,,,,,
Sceptre_upgraded,Deal [vanish]8 damage|Inflict [vanish]1 vanish,2,attack(8| VANISH); if(getstatus(~ncr_vanishall~) < 1 && getstatus(VANISH) < 1 && getstatus(~ncr_vanishlegacy~) < 1) { inflict(~ncr_vanish~); inflict(~ncr_internalvanish~); var dovanish = new elements.Skill(~Vanishthing~); dovanish.execute(self|target); } else { self.textparticle(~No effect!~); },Hadoken,COUNTDOWN,8,WEAPON,PINK,,,,_vanish,0,NO,NO,NO,NO,NO,NO,NO,NO,,,,,,,,,,,
Wicker Sceptre,Deal [vanish]9 damage|Inflict [vanish]2 vanish,2,attack(9| VANISH); if(getstatus(~ncr_vanishall~) < 1 && getstatus(VANISH) < 1 && getstatus(~ncr_vanishlegacy~) < 1) { inflict(~ncr_vanish~|2); inflict(~ncr_internalvanish~|2); var dovanish = new elements.Skill(~Vanishthing~); dovanish.execute(self|target); } else { self.textparticle(~No effect!~); },Hadoken,COUNTDOWN,12,WEAPON,PINK,threequartercountdown,change_power,,_vanish,0,NO,NO,NO,NO,NO,NO,NO,NO,,,,,,,,,,,
Wicker Sceptre_weakened,Deal [vanish]5 damage|Inflict [vanish]1 vanish,2,attack(5| VANISH); if(getstatus(~ncr_vanishall~) < 1 && getstatus(VANISH) < 1 && getstatus(~ncr_vanishlegacy~) < 1) { inflict(~ncr_vanish~); inflict(~ncr_internalvanish~); var dovanish = new elements.Skill(~Vanishthing~); dovanish.execute(self|target); } else { self.textparticle(~No effect!~); },Hadoken,COUNTDOWN,9,WEAPON,PINK,,,,_vanish,0,NO,NO,NO,NO,NO,NO,NO,NO,,,,,,,,,,,
Wicker Sceptre_downgraded,Deal [vanish]5 damage|Inflict [vanish]1 vanish,2,attack(5| VANISH); if(getstatus(~ncr_vanishall~) < 1 && getstatus(VANISH) < 1 && getstatus(~ncr_vanishlegacy~) < 1) { inflict(~ncr_vanish~); inflict(~ncr_internalvanish~); var dovanish = new elements.Skill(~Vanishthing~); dovanish.execute(self|target); } else { self.textparticle(~No effect!~); },Hadoken,COUNTDOWN,12,WEAPON,PINK,,,,_vanish,0,NO,NO,NO,NO,NO,NO,NO,NO,,,,,,,,,,,
Undying Flame,Burn all dice,2,inflict(FIRE|ALL);,Hellfire,COUNTDOWN,12,MAGIC,RED,halfcountdown,change_function,,_fire,0,NO,NO,NO,NO,NO,NO,NO,NO,,,,,,,,,,,
Undying Flame_downgraded,Inflict [vanish]1 vanish,2,if(getstatus(~ncr_vanishall~) < 1 && getstatus(VANISH) < 1 && getstatus(~ncr_vanishlegacy~) < 1) { inflict(~ncr_vanish~); inflict(~ncr_internalvanish~); var dovanish = new elements.Skill(~Vanishthing~); dovanish.execute(self|target); } else { self.textparticle(~No effect!~); },Hellfire,COUNTDOWN,12,MAGIC,RED,,,,_vanish,0,NO,NO,NO,NO,NO,NO,NO,NO,,,,,,,,,,,
Undying Flame_weakened,Inflict [vanish]1 vanish,2,if(getstatus(~ncr_vanishall~) < 1 && getstatus(VANISH) < 1 && getstatus(~ncr_vanishlegacy~) < 1) { inflict(~ncr_vanish~); inflict(~ncr_internalvanish~); var dovanish = new elements.Skill(~Vanishthing~); dovanish.execute(self|target); } else { self.textparticle(~No effect!~); },Hellfire,COUNTDOWN,6,MAGIC,RED,,,,_vanish,0,NO,NO,NO,NO,NO,NO,NO,NO,,,,,,,,,,,
Idiot's Ice,Freeze all dice,2,inflict(ICE|ALL);,Arctic Storm,COUNTDOWN,12,MAGIC,BRIGHTCYAN,halfcountdown,change_function,,_ice,0,NO,NO,NO,NO,NO,NO,NO,NO,,,,,,,,,,,
Idiot's Ice_downgraded,Inflict [vanish]1 vanish,2,if(getstatus(~ncr_vanishall~) < 1 && getstatus(VANISH) < 1 && getstatus(~ncr_vanishlegacy~) < 1) { inflict(~ncr_vanish~); inflict(~ncr_internalvanish~); var dovanish = new elements.Skill(~Vanishthing~); dovanish.execute(self|target); } else { self.textparticle(~No effect!~); },Arctic Storm,COUNTDOWN,12,MAGIC,BRIGHTCYAN,,,,_vanish,0,NO,NO,NO,NO,NO,NO,NO,NO,,,,,,,,,,,
Idiot's Ice_weakened,Inflict [vanish]1 vanish,2,if(getstatus(~ncr_vanishall~) < 1 && getstatus(VANISH) < 1 && getstatus(~ncr_vanishlegacy~) < 1) { inflict(~ncr_vanish~); inflict(~ncr_internalvanish~); var dovanish = new elements.Skill(~Vanishthing~); dovanish.execute(self|target); } else { self.textparticle(~No effect!~); },Arctic Storm,COUNTDOWN,6,MAGIC,BRIGHTCYAN,,,,_vanish,0,NO,NO,NO,NO,NO,NO,NO,NO,,,,,,,,,,,
Proton Pack,[vanish]<d6> dmg[;] +[vanish]2 vanish|[gray](once per battle),1,attack(d|VANISH); if(getstatus(~ncr_vanishall~) < 1 && getstatus(VANISH) < 1 && getstatus(~ncr_vanishlegacy~) < 1) { inflict(~ncr_vanish~|2); inflict(~ncr_internalvanish~|2); var dovanish = new elements.Skill(~Vanishthing~); dovanish.execute(self|target); } else { self.textparticle(~No effect!~); },Hadoken,NORMAL|NORMAL,,WEAPON,PINK,change_power,complicate,,_vanish,0,NO,YES,NO,NO,NO,NO,NO,NO,,,,,,,,,,,
Proton Pack_upgraded,[vanish]<d6> dmg[;] +[vanish]4 vanish|[gray](once per battle),2,attack(d|VANISH); if(getstatus(~ncr_vanishall~) < 1 && getstatus(VANISH) < 1 && getstatus(~ncr_vanishlegacy~) < 1) { inflict(~ncr_vanish~|4); inflict(~ncr_internalvanish~|4); var dovanish = new elements.Skill(~Vanishthing~); dovanish.execute(self|target); } else { self.textparticle(~No effect!~); },Hadoken,NORMAL|NORMAL|NORMAL|NORMAL,,WEAPON,PINK,,,,_vanish,0,NO,YES,NO,NO,NO,NO,NO,NO,,,,,,,,,,,
Ouija Board,[vanish]<timesused> dmg[;] inflict [vanish]1 vanish|Add +[vanish]1 dmg each use,2,attack(e.timesused + 1| VANISH); if(getstatus(~ncr_vanishall~) < 1 && getstatus(VANISH) < 1 && getstatus(~ncr_vanishlegacy~) < 1) { inflict(~ncr_vanish~); inflict(~ncr_internalvanish~); var dovanish = new elements.Skill(~Vanishthing~); dovanish.execute(self|target); } else { self.textparticle(~No effect!~); } bonus(1000); //campfire. why is a girl scout carrying around a ouija board? i dunno. what do i look like; a child psychologist? -ncr,Hadoken,EVEN,,WEAPON,PINK,change_power,complicate,,_vanish,0,NO,NO,NO,NO,NO,NO,NO,NO,,,,,,,,,,,
Ouija Board_upgraded,[vanish]<timesused> dmg[;] inflict [vanish]2 vanish|Add +[vanish]1 dmg each use,2,attack(e.timesused + 1| VANISH); if(getstatus(~ncr_vanishall~) < 1 && getstatus(VANISH) < 1 && getstatus(~ncr_vanishlegacy~) < 1) { inflict(~ncr_vanish~|2); inflict(~ncr_internalvanish~|2); var dovanish = new elements.Skill(~Vanishthing~); dovanish.execute(self|target); } else { self.textparticle(~No effect!~); } bonus(1000);,Hadoken,EVEN,,WEAPON,PINK,,,,_vanish,0,NO,NO,NO,NO,NO,NO,NO,NO,,,,,,,,,,,
Light Show,Do [vanish]6 damage for|each [vanish]1 vanish on enemy,2,if(getstatus(~ncr_vanishall~) > 0 # getstatus(VANISH) > 0 # getstatus(~ncr_vanishlegacy~) > 0) { attack(999); } else { attack(getstatus(~ncr_vanish~) * 6 | VANISH); },Strobe Light,COUNTDOWN,4,WEAPON,PINK,change_power,change_power,,_vanish,0,NO,NO,NO,NO,NO,NO,NO,NO,,,,,,,,,,,
Light Show_upgraded,Do [vanish]7 damage for|each [vanish]1 vanish on enemy,2,if(getstatus(~ncr_vanishall~) > 0 # getstatus(VANISH) > 0 # getstatus(~ncr_vanishlegacy~) > 0) { attack(999); } else { attack(getstatus(~ncr_vanish~) * 7 | VANISH); },Strobe Light,COUNTDOWN,4,WEAPON,PINK,,,,_vanish,0,NO,NO,NO,NO,NO,NO,NO,NO,,,,,,,,,,,
Light Show_downgraded,Do [vanish]4 damage for|each [vanish]1 vanish on enemy,2,if(getstatus(~ncr_vanishall~) > 0 # getstatus(VANISH) > 0 # getstatus(~ncr_vanishlegacy~) > 0) { attack(999); } else { attack(getstatus(~ncr_vanish~) * 4 | VANISH); },Strobe Light,COUNTDOWN,4,WEAPON,PINK,,,,_vanish,0,NO,NO,NO,NO,NO,NO,NO,NO,,,,,,,,,,,
Shudder,Inflict [vanish]1 vanish[;]|return both dice,1,if(getstatus(~ncr_vanishall~) < 1 && getstatus(VANISH) < 1 && getstatus(~ncr_vanishlegacy~) < 1) { inflict(~ncr_vanish~); inflict(~ncr_internalvanish~); var dovanish = new elements.Skill(~Vanishthing~); dovanish.execute(self|target); } else { self.textparticle(~No effect!~); } givedice([d| d]);,Strobe Light,DOUBLES|DOUBLES,,WEAPON,PINK,change_power,change_power,,_vanish,0,NO,NO,YES,NO,NO,NO,NO,NO,1,,,,,,,,,,
Shudder_upgraded,Inflict [vanish]1 vanish[;]|return the dice,1,if(getstatus(~ncr_vanishall~) < 1 && getstatus(VANISH) < 1 && getstatus(~ncr_vanishlegacy~) < 1) { inflict(~ncr_vanish~); inflict(~ncr_internalvanish~); var dovanish = new elements.Skill(~Vanishthing~); dovanish.execute(self|target); } else { self.textparticle(~No effect!~); } givedice(d);,Strobe Light,EVEN,,WEAPON,PINK,,,,_vanish,0,NO,NO,YES,NO,NO,NO,NO,NO,,,,,,,,,,,
Shudder_downgraded,Inflict [vanish]1 vanish,1,if(getstatus(~ncr_vanishall~) < 1 && getstatus(VANISH) < 1 && getstatus(~ncr_vanishlegacy~) < 1) { inflict(~ncr_vanish~); inflict(~ncr_internalvanish~); var dovanish = new elements.Skill(~Vanishthing~); dovanish.execute(self|target); } else { self.textparticle(~No effect!~); },Strobe Light,DOUBLES|DOUBLES,,WEAPON,PINK,,,,_vanish,0,NO,NO,YES,NO,NO,NO,NO,NO,,,,,,,,,,,
Mirage,Inflict [vanish]Vanish_ALL[],2,inflict(~ncr_vanishall~); inflict(~ncr_internalvanish~|999); if(getstatus(~ncr_vanishall~) > 0) { target.removestatus(~ncr_vanish~|ALL); } var dovanish = new elements.Skill(~Infvanishthing~); dovanish.execute(self|target); bonus(1000);,Strobe Light,REQUIRE1|REQUIRE1,,MAGIC,PINK,change_power,change_power,,_vanish,0,NO,NO,NO,NO,NO,NO,NO,NO,,,,,,,,,,,
Mirage_upgraded,Inflict [vanish]Vanish_ALL[],2,inflict(~ncr_vanishall~); inflict(~ncr_internalvanish~|999); if(getstatus(~ncr_vanishall~) > 0) { target.removestatus(~ncr_vanish~|ALL); } var dovanish = new elements.Skill(~Infvanishthing~); dovanish.execute(self|target); bonus(1000);,Strobe Light,DOUBLES|DOUBLES,,MAGIC,PINK,,,,_vanish,0,NO,NO,NO,NO,NO,NO,NO,NO,,,,,,,,,,,
Mirage_downgraded,Inflict [vanish]Vanish_ALL[],2,inflict(~ncr_vanishall~); inflict(~ncr_internalvanish~|999); if(getstatus(~ncr_vanishall~) > 0) { target.removestatus(~ncr_vanish~|ALL); } var dovanish = new elements.Skill(~Infvanishthing~); dovanish.execute(self|target); bonus(1000);,Strobe Light,REQUIRE1|REQUIRE1|REQUIRE1|REQUIRE1,,MAGIC,PINK,,,,_vanish,0,NO,NO,NO,NO,NO,NO,NO,NO,,,,,,,,,,,
Hard Light,Do [vanish]<d6> damage[;]|+[vanish]3 if enemy has [vanish]vanish,2,if(getstatus(~ncr_vanish~) > 0 # getstatus(~ncr_vanishall~) > 0 # getstatus(~ncr_vanishlegacy~) > 0 # getstatus(VANISH) > 0) { attack((d + 3) | VANISH); } else { attack((d) | VANISH); },Strobe Light,NORMAL,,WEAPON,PINK,change_power,change_power,,_vanish,0,NO,NO,NO,NO,NO,NO,NO,NO,,,,,,,,,,,
Hard Light_upgraded,Do [vanish]<d6> damage[;]|x2 if enemy has [vanish]vanish,2,if(getstatus(~ncr_vanish~) > 0 # getstatus(~ncr_vanishall~) > 0 # getstatus(~ncr_vanishlegacy~) > 0 # getstatus(VANISH) > 0) { attack((d * 2) | VANISH); } else { attack((d) | VANISH); },Strobe Light,NORMAL,,WEAPON,PINK,,,,_vanish,0,NO,NO,NO,NO,NO,NO,NO,NO,,,,,,,,,,,
Hard Light_downgraded,Do [vanish]<d6> damage[;]|+[vanish]3 if enemy has [vanish]vanish,2,if(getstatus(~ncr_vanish~) > 0 # getstatus(~ncr_vanishall~) > 0 # getstatus(~ncr_vanishlegacy~) > 0 # getstatus(VANISH) > 0) { attack((d + 3) | VANISH); } else { attack((d) | VANISH); },Strobe Light,MAX3,,WEAPON,PINK,,,,_vanish,0,NO,NO,NO,NO,NO,NO,NO,NO,,,,,,,,,,,
Blacklight,Do [vanish]2 damage[;]|inflict [vanish]1 vanish,1,attack(2|VANISH); if(getstatus(~ncr_vanishall~) < 1 && getstatus(VANISH) < 1 && getstatus(~ncr_vanishlegacy~) < 1) { inflict(~ncr_vanish~); inflict(~ncr_internalvanish~); var dovanish = new elements.Skill(~Vanishthing~); dovanish.execute(self|target); } else { self.textparticle(~No effect!~); },Hadoken,COUNTDOWN,5,WEAPON,PINK,change_power,change_power,,_vanish,0,NO,NO,YES,NO,NO,NO,NO,NO,1,,,,,,,,,,
Blacklight_upgraded,Do [vanish]3 damage[;]|inflict [vanish]1 vanish,1,attack(3|VANISH); if(getstatus(~ncr_vanishall~) < 1 && getstatus(VANISH) < 1 && getstatus(~ncr_vanishlegacy~) < 1) { inflict(~ncr_vanish~); inflict(~ncr_internalvanish~); var dovanish = new elements.Skill(~Vanishthing~); dovanish.execute(self|target); } else { self.textparticle(~No effect!~); },Hadoken,COUNTDOWN,5,WEAPON,PINK,,,,_vanish,0,NO,NO,YES,NO,NO,NO,NO,NO,,,,,,,,,,,
Blacklight_downgraded,Do [vanish]1 damage[;]|inflict [vanish]1 vanish,1,attack(1|VANISH); if(getstatus(~ncr_vanishall~) < 1 && getstatus(VANISH) < 1 && getstatus(~ncr_vanishlegacy~) < 1) { inflict(~ncr_vanish~); inflict(~ncr_internalvanish~); var dovanish = new elements.Skill(~Vanishthing~); dovanish.execute(self|target); } else { self.textparticle(~No effect!~); },Hadoken,COUNTDOWN,5,WEAPON,PINK,,,,_vanish,0,NO,NO,YES,NO,NO,NO,NO,NO,,,,,,,,,,,
Ectoplasm,Do [vanish]<d6> damage[;]|on 4[;] inflict [vanish]1 vanish,2,attack(d|VANISH); if(d == 4) { if(getstatus(~ncr_vanishall~) < 1 && getstatus(VANISH) < 1 && getstatus(~ncr_vanishlegacy~) < 1) { inflict(~ncr_vanish~); inflict(~ncr_internalvanish~); var dovanish = new elements.Skill(~Vanishthing~); dovanish.execute(self|target); } else { self.textparticle(~No effect!~); } },Hadoken,NORMAL,,WEAPON,PINK,change_power,complicate,,_vanish,0,NO,NO,YES,NO,NO,NO,NO,NO,,,,,,,,,,,
Ectoplasm_upgraded,Do [vanish]<d6> damage[;]|on even[;] inflict [vanish]1 vanish,2,attack(d|VANISH); if(d % 2 == 0) { if(getstatus(~ncr_vanishall~) < 1 && getstatus(VANISH) < 1 && getstatus(~ncr_vanishlegacy~) < 1) { inflict(~ncr_vanish~); inflict(~ncr_internalvanish~); var dovanish = new elements.Skill(~Vanishthing~); dovanish.execute(self|target); } else { self.textparticle(~No effect!~); } },Hadoken,NORMAL,,WEAPON,PINK,,,,_vanish,0,NO,NO,YES,NO,NO,NO,NO,NO,,,,,,,,,,,
Spirit Sword,Do [vanish]<d6> dmg[;] +[vanish]2 vanish|(get [vanish]vanish[] each turn),1,attack(d|VANISH);  if(getstatus(~ncr_vanishall~) < 1 && getstatus(VANISH) < 1 && getstatus(~ncr_vanishlegacy~) < 1) { inflict(~ncr_vanish~|2); inflict(~ncr_internalvanish~|2); var dovanish = new elements.Skill(~Vanishthing~); dovanish.execute(self|target); } else { self.textparticle(~No effect!~); },Hadoken,MAX5|MAX5,,WEAPON,PINK,change_power,complicate,,_vanish,0,NO,NO,YES,NO,NO,NO,NO,NO,1,,,,e.animate(~flashandshake~); if(getstatusself(~ncr_vanishall~) < 1 && getstatusself(VANISH) < 1 && getstatusself(~ncr_vanishlegacy~) < 1) { inflictself(~ncr_vanish~); inflictself(~ncr_internalvanish~); var dovanishself = new elements.Skill(~Vanishselfthing~); dovanishself.execute(self|target); },,,,,,
Spirit Sword_upgraded,Do [vanish]<d6> dmg[;] +[vanish]2 vanish|(get [vanish]vanish[] each turn),1,attack(d|VANISH);  if(getstatus(~ncr_vanishall~) < 1 && getstatus(VANISH) < 1 && getstatus(~ncr_vanishlegacy~) < 1) { inflict(~ncr_vanish~|2); inflict(~ncr_internalvanish~|2); var dovanish = new elements.Skill(~Vanishthing~); dovanish.execute(self|target); } else { self.textparticle(~No effect!~); },Hadoken,NORMAL|NORMAL,,WEAPON,PINK,,,,_vanish,0,NO,NO,YES,NO,NO,NO,NO,NO,,,,,e.animate(~flashandshake~); if(getstatusself(~ncr_vanishall~) < 1 && getstatusself(VANISH) < 1 && getstatusself(~ncr_vanishlegacy~) < 1) { inflictself(~ncr_vanish~); inflictself(~ncr_internalvanish~); var dovanishself = new elements.Skill(~Vanishselfthing~); dovanishself.execute(self|target); },,,,,,
Shocking Horror,Do [sword]<d6> damage[;] inflict|[vanish]Vanish and [shock]Shock,1,attack(d); if(getstatus(~ncr_vanishall~) < 1 && getstatus(VANISH) < 1 && getstatus(~ncr_vanishlegacy~) < 1) { inflict(~ncr_vanish~); inflict(~ncr_internalvanish~); var dovanish = new elements.Skill(~Vanishthing~); dovanish.execute(self|target); } else { self.textparticle(~No effect!~); } inflict(SHOCK| 1); sfx(~_vanish~|~~|0.2); sfx(~_shock~|~~|0.2);,Hadoken,MAX4,,WEAPON,PINK,change_power,change_power,,_damage,0,NO,NO,YES,NO,NO,NO,NO,NO,1,,,,,,,,,,
Shocking Horror_upgraded,Do [sword]<d6> damage[;] inflict|[vanish]Vanish and [shock]Shock,1,attack(d); if(getstatus(~ncr_vanishall~) < 1 && getstatus(VANISH) < 1 && getstatus(~ncr_vanishlegacy~) < 1) { inflict(~ncr_vanish~); inflict(~ncr_internalvanish~); var dovanish = new elements.Skill(~Vanishthing~); dovanish.execute(self|target); } else { self.textparticle(~No effect!~); } inflict(SHOCK| 1); sfx(~_vanish~|~~|0.2); sfx(~_shock~|~~|0.2);,Hadoken,NORMAL,,WEAPON,PINK,,,,_damage,0,NO,NO,YES,NO,NO,NO,NO,NO,,,,,,,,,,,
Shocking Horror_downgraded,Do [sword]<d6> damage,1,attack(d);,Hadoken,REQUIRE5,,WEAPON,PINK,,,,_damage,0,NO,NO,YES,NO,NO,NO,NO,NO,,,,,,,,,,,
Boo,In [jinx]6 turns[;]|do [vanish]20 damage|[80%][gray]''2SPOOKY4ME''[],2,/*this may very well be THE lamest fire-vanish swap but i find the notion of the enemy taking massive damage because you said 'boo' really funny for some reason - ncr*/ jinx(~Boo~|~take [vanish]%VAR% damage~|~Take [vanish]%VAR% damage~|~attack(%VAR%| VANISH); sfxdamage(null|%VAR%); sfx(\~_vanish\~|\~\~|0.2);~|target|self|6|20); sfx(~_thinghappens~);,Hadoken,COUNTDOWN,5,ITEM,PINK,change_power,change_power,,none,0,NO,NO,YES,NO,NO,NO,NO,NO,,,,,,,,,,,
Boo_upgraded,In [jinx]5 turns[;]|do [vanish]20 damage|[80%][gray]''2SPOOPY4ME''[],2,jinx(~Boo+~|~take [vanish]%VAR% damage~|~Take [vanish]%VAR% damage~|~attack(%VAR%| VANISH); sfxdamage(null|%VAR%); sfx(\~_vanish\~|\~\~|0.2);~|target|self|5|20); sfx(~_thinghappens~);,Hadoken,COUNTDOWN,5,ITEM,PINK,,,,none,0,NO,NO,YES,NO,NO,NO,NO,NO,,,,,,,,,,,
Boo_downgraded,In [jinx]7 turns[;]|do [vanish]20 damage|[80%][gray]''2SPOOKY4ME''[],2,jinx(~Boo-~|~take [vanish]%VAR% damage~|~Take [vanish]%VAR% damage~|~attack(%VAR%| VANISH); sfxdamage(null|%VAR%); sfx(\~_vanish\~|\~\~|0.2);~|target|self|7|20); sfx(~_thinghappens~);,Hadoken,COUNTDOWN,5,ITEM,PINK,,,,none,0,NO,NO,YES,NO,NO,NO,NO,NO,,,,,,,,,,,
Milky Potion,[vanish]8 dmg[;] inflict [vanish]Vanish_ALL[]|[gray](once per battle),2,attack(8|VANISH); inflict(~ncr_vanishall~); inflict(~ncr_internalvanish~|999); if(getstatus(~ncr_vanishall~) > 0) { target.removestatus(~ncr_vanish~|ALL); } var dovanish = new elements.Skill(~Infvanishthing~); dovanish.execute(self|target); //potions in nethack that summon ghosts are called 'milky potions'. so vanish is associated with summoning ghosts AND repelling ghosts. i don't get it. what the heck ncr -ncr,Delude,COUNTDOWN,8,ITEM,PINK,threequartercountdown,change_power,,_vanish,0,NO,YES,NO,YES,NO,NO,NO,NO,,,,,,,,,,,
Milky Potion_downgraded,Do [vanish]4 damage|[gray](once per battle),2,attack(4|VANISH);,Delude,COUNTDOWN,8,ITEM,PINK,,,,_vanish,0,NO,YES,NO,YES,NO,NO,NO,NO,,,,,,,,,,,
Purify,Do [vanish]20 damage[;]|inflict [vanish]Vanish_ALL[],1,attack(20| VANISH); inflict(~ncr_vanishall~); inflict(~ncr_internalvanish~|999); if(getstatus(~ncr_vanishall~) > 0) { target.removestatus(~ncr_vanish~|ALL); } var dovanish = new elements.Skill(~Infvanishthing~); dovanish.execute(self|target); //OFF reference; surprisingly few of these among vanish equipment -ncr,Strobe Light,COUNTDOWN,20,MAGIC,PINK,change_power,change_power,,_vanish,0,NO,NO,NO,NO,NO,NO,NO,NO,2,,,,,,,,,,
Purify_upgraded,Do [vanish]25 damage[;]|inflict [vanish]Vanish_ALL[],1,attack(25| VANISH); inflict(~ncr_vanishall~); inflict(~ncr_internalvanish~|999); if(getstatus(~ncr_vanishall~) > 0) { target.removestatus(~ncr_vanish~|ALL); } var dovanish = new elements.Skill(~Infvanishthing~); dovanish.execute(self|target);,Strobe Light,COUNTDOWN,20,MAGIC,PINK,,,,_vanish,0,NO,NO,NO,NO,NO,NO,NO,NO,,,,,,,,,,,
Purify_downgraded,Do [vanish]10 damage[;]|inflict [vanish]1 vanish,1,attack(10| VANISH); if(getstatus(~ncr_vanishall~) < 1 && getstatus(VANISH) < 1 && getstatus(~ncr_vanishlegacy~) < 1) { inflict(~ncr_vanish~); inflict(~ncr_internalvanish~); var dovanish = new elements.Skill(~Vanishthing~); dovanish.execute(self|target); } else { self.textparticle(~No effect!~); },Strobe Light,COUNTDOWN,20,MAGIC,PINK,,,,_vanish,0,NO,NO,NO,NO,NO,NO,NO,NO,,,,,,,,,,,
Spectral Cauldron,Roll a new dice[;] receive [vanish]1|[gray](Reuseable),1,if(getstatusself(~ncr_vanishall~) < 1 && getstatusself(VANISH) < 1 && getstatusself(~ncr_vanishlegacy~) < 1) { inflictself(~ncr_vanish~); inflictself(~ncr_internalvanish~); var dovanishself = new elements.Skill(~Vanishselfthing~); dovanishself.execute(self|target); } givedice();,Random Roll,NORMAL,,MAGIC,PINK,change_power,change_power,,_vanish,4,YES,NO,NO,NO,NO,NO,NO,NO,1,,,,,,,,,,
Spectral Cauldron_upgraded,Roll 4 new dice[;] receive [vanish]4,1,if(getstatusself(~ncr_vanishall~) < 1 && getstatusself(VANISH) < 1 && getstatusself(~ncr_vanishlegacy~) < 1) { inflictself(~ncr_vanish~|4); inflictself(~ncr_internalvanish~|4); var dovanishself = new elements.Skill(~Vanishselfthing~); dovanishself.execute(self|target); } givedice([rand([1|2|3|4|5|6])|rand([1|2|3|4|5|6])|rand([1|2|3|4|5|6])|rand([1|2|3|4|5|6])]);,Random Roll,NORMAL,,MAGIC,PINK,,,,_vanish,0,YES,NO,NO,NO,NO,NO,NO,NO,,,,,,,,,,,
Spectral Cauldron_downgraded,Roll a new dice[;] receive [vanish]1,1,if(getstatusself(~ncr_vanishall~) < 1 && getstatusself(VANISH) < 1 && getstatusself(~ncr_vanishlegacy~) < 1) { inflictself(~ncr_vanish~); inflictself(~ncr_internalvanish~); var dovanishself = new elements.Skill(~Vanishselfthing~); dovanishself.execute(self|target); } givedice();,Random Roll,NORMAL,,MAGIC,PINK,,,,_vanish,0,YES,NO,NO,NO,NO,NO,NO,NO,,,,,,,,,,,
The Grave,Do [vanish]<d6> damage[;]|Inflict [vanish]5 vanish,1,attack(d|VANISH); if(getstatus(~ncr_vanishall~) < 1 && getstatus(VANISH) < 1 && getstatus(~ncr_vanishlegacy~) < 1) { inflict(~ncr_vanish~|5); inflict(~ncr_internalvanish~|5); var dovanish = new elements.Skill(~Vanishthing~); dovanish.execute(self|target); } else { self.textparticle(~No effect!~); },Delude,REQUIRE5|FREE5,,MAGIC,PINK,change_power,change_power,,_vanish,0,NO,NO,NO,NO,NO,NO,NO,NO,,,,,,,,,,,
The Grave_upgraded,Do [vanish]<d6> damage[;]|Inflict [vanish]5 vanish,1,attack(d|VANISH); if(getstatus(~ncr_vanishall~) < 1 && getstatus(VANISH) < 1 && getstatus(~ncr_vanishlegacy~) < 1) { inflict(~ncr_vanish~|5); inflict(~ncr_internalvanish~|5); var dovanish = new elements.Skill(~Vanishthing~); dovanish.execute(self|target); } else { self.textparticle(~No effect!~); },Delude,REQUIRE5|FREE6,,MAGIC,PINK,,,,_vanish,0,NO,NO,NO,NO,NO,NO,NO,NO,,,,,,,,,,,
The Grave_downgraded,Inflict [vanish]5 vanish,1,if(getstatus(~ncr_vanishall~) < 1 && getstatus(VANISH) < 1 && getstatus(~ncr_vanishlegacy~) < 1) { inflict(~ncr_vanish~|5); inflict(~ncr_internalvanish~|5); var dovanish = new elements.Skill(~Vanishthing~); dovanish.execute(self|target); } else { self.textparticle(~No effect!~); },Delude,REQUIRE5,,MAGIC,PINK,,,,_vanish,0,NO,NO,NO,NO,NO,NO,NO,NO,,,,,,,,,,,
St. Elmo's Fire,Do [vanish]2 damage[;]|inflict [vanish]1 vanish,1,attack(2|VANISH); if(getstatus(~ncr_vanishall~) < 1 && getstatus(VANISH) < 1 && getstatus(~ncr_vanishlegacy~) < 1) { inflict(~ncr_vanish~); inflict(~ncr_internalvanish~); var dovanish = new elements.Skill(~Vanishthing~); dovanish.execute(self|target); } else { self.textparticle(~No effect!~); },Hadoken,NORMAL,,WEAPON,PINK,change_power,change_power,,_vanish,0,NO,NO,NO,NO,NO,NO,NO,NO,,,,,,,,,,,
St. Elmo's Fire_upgraded,Do [vanish]3 damage[;]|inflict [vanish]1 vanish,1,attack(3|VANISH); if(getstatus(~ncr_vanishall~) < 1 && getstatus(VANISH) < 1 && getstatus(~ncr_vanishlegacy~) < 1) { inflict(~ncr_vanish~); inflict(~ncr_internalvanish~); var dovanish = new elements.Skill(~Vanishthing~); dovanish.execute(self|target); } else { self.textparticle(~No effect!~); },Hadoken,NORMAL,,WEAPON,PINK,,,,_vanish,0,NO,NO,NO,NO,NO,NO,NO,NO,,,,,,,,,,,
St. Elmo's Fire_downgraded,Do [vanish]2 damage,1,attack(2|VANISH);,Hadoken,NORMAL,,WEAPON,PINK,,,,_vanish,0,NO,NO,NO,NO,NO,NO,NO,NO,,,,,,,,,,,
Mist,Do [vanish]3[;] inflict [vanish]1 vanish|[gray](once per battle),2,attack(3|VANISH); if(getstatus(~ncr_vanishall~) < 1 && getstatus(VANISH) < 1 && getstatus(~ncr_vanishlegacy~) < 1) { inflict(~ncr_vanish~); inflict(~ncr_internalvanish~); var dovanish = new elements.Skill(~Vanishthing~); dovanish.execute(self|target); } else { self.textparticle(~No effect!~); },Strobe Light,COUNTDOWN,5,ITEM,PINK,change_power,change_power,,_vanish,0,NO,YES,NO,NO,NO,NO,NO,NO,,,,,,,,,,,
Mist_upgraded,Do [vanish]4[;] inflict [vanish]1 vanish|[gray](once per battle),2,attack(4|VANISH); if(getstatus(~ncr_vanishall~) < 1 && getstatus(VANISH) < 1 && getstatus(~ncr_vanishlegacy~) < 1) { inflict(~ncr_vanish~); inflict(~ncr_internalvanish~); var dovanish = new elements.Skill(~Vanishthing~); dovanish.execute(self|target); } else { self.textparticle(~No effect!~); },Strobe Light,COUNTDOWN,5,ITEM,PINK,,,,_vanish,0,NO,YES,NO,NO,NO,NO,NO,NO,,,,,,,,,,,
Mist_downgraded,Inflict [vanish]1 vanish|[gray](once per battle),2,if(getstatus(~ncr_vanishall~) < 1 && getstatus(VANISH) < 1 && getstatus(~ncr_vanishlegacy~) < 1) { inflict(~ncr_vanish~); inflict(~ncr_internalvanish~); var dovanish = new elements.Skill(~Vanishthing~); dovanish.execute(self|target); } else { self.textparticle(~No effect!~); },Strobe Light,COUNTDOWN,5,ITEM,PINK,,,,_vanish,0,NO,YES,NO,NO,NO,NO,NO,NO,,,,,,,,,,,
Sheer Will,Deal [vanish]<d6> damage|Inflict [vanish]1 vanish,1,attack(d|VANISH); if(getstatus(~ncr_vanishall~) < 1 && getstatus(VANISH) < 1 && getstatus(~ncr_vanishlegacy~) < 1) { inflict(~ncr_vanish~); inflict(~ncr_internalvanish~); var dovanish = new elements.Skill(~Vanishthing~); dovanish.execute(self|target); } else { self.textparticle(~No effect!~); } bonus(1000);,Delude,MIN4,,MAGIC,PINK,simplify,change_power,,_vanish,0,NO,NO,NO,NO,NO,NO,NO,NO,1,,,,,,,,,,
Sheer Will_downgraded,Deal [vanish]<d6> damage|Inflict [vanish]1 vanish,1,attack(d|VANISH); if(getstatus(~ncr_vanishall~) < 1 && getstatus(VANISH) < 1 && getstatus(~ncr_vanishlegacy~) < 1) { inflict(~ncr_vanish~); inflict(~ncr_internalvanish~); var dovanish = new elements.Skill(~Vanishthing~); dovanish.execute(self|target); } else { self.textparticle(~No effect!~); },Delude,MAX3,,MAGIC,PINK,,,,_vanish,0,NO,NO,NO,NO,NO,NO,NO,NO,,,,,,,,,,,
Raw Energy,Do [vanish]<d6> damage[;]|Inflict [vanish]1 vanish,1,attack(d|VANISH); if(getstatus(~ncr_vanishall~) < 1 && getstatus(VANISH) < 1 && getstatus(~ncr_vanishlegacy~) < 1) { inflict(~ncr_vanish~); inflict(~ncr_internalvanish~); var dovanish = new elements.Skill(~Vanishthing~); dovanish.execute(self|target); } else { self.textparticle(~No effect!~); },Delude,NORMAL|NORMAL,,MAGIC,PINK,change_power,complicate,,_vanish,0,NO,NO,NO,NO,NO,NO,NO,NO,1,,,,,,,,,,
Raw Energy_upgraded,Do [vanish]<d6> damage[;]|Inflict [vanish]2 vanish,1,attack(d|VANISH);  if(getstatus(~ncr_vanishall~) < 1 && getstatus(VANISH) < 1 && getstatus(~ncr_vanishlegacy~) < 1) { inflict(~ncr_vanish~|2); inflict(~ncr_internalvanish~|2); var dovanish = new elements.Skill(~Vanishthing~); dovanish.execute(self|target); } else { self.textparticle(~No effect!~); },Delude,NORMAL|NORMAL,,MAGIC,PINK,,,,_vanish,0,NO,NO,NO,NO,NO,NO,NO,NO,,,,,,,,,,,
Thick Fumes,Do [vanish]4 damage|Inflict [vanish]1 vanish,2,attack(4); if(getstatus(~ncr_vanishall~) < 1 && getstatus(VANISH) < 1 && getstatus(~ncr_vanishlegacy~) < 1) { inflict(~ncr_vanish~); inflict(~ncr_internalvanish~); var dovanish = new elements.Skill(~Vanishthing~); dovanish.execute(self|target); } else { self.textparticle(~No effect!~); } sfx(~_vanish~|~~|0.2); //i keep reading this card's name as 'thick furries' and why can't i just. have a different brain -ncr,Strobe Light,COUNTDOWN,5,WEAPON,PURPLE,change_power,change_power,,_damage,0,NO,NO,NO,NO,NO,NO,NO,NO,,,,,,,,,,,
Thick Fumes_upgraded,Do [vanish]6 damage|Inflict [vanish]1 vanish,2,attack(6); if(getstatus(~ncr_vanishall~) < 1 && getstatus(VANISH) < 1 && getstatus(~ncr_vanishlegacy~) < 1) { inflict(~ncr_vanish~); inflict(~ncr_internalvanish~); var dovanish = new elements.Skill(~Vanishthing~); dovanish.execute(self|target); } else { self.textparticle(~No effect!~); } sfx(~_vanish~|~~|0.2);,Strobe Light,COUNTDOWN,5,WEAPON,PURPLE,,,,_damage,0,NO,NO,NO,NO,NO,NO,NO,NO,,,,,,,,,,,
Thick Fumes_downgraded,Do [vanish]4 damage,2,attack(4);,Strobe Light,COUNTDOWN,5,WEAPON,PURPLE,,,,_damage,0,NO,NO,NO,NO,NO,NO,NO,NO,,,,,,,,,,,
Soul Jar,Inflict [vanish]1 vanish|[gray](Reuseable),1,if(getstatus(~ncr_vanishall~) < 1 && getstatus(VANISH) < 1 && getstatus(~ncr_vanishlegacy~) < 1) { inflict(~ncr_vanish~); inflict(~ncr_internalvanish~); var dovanish = new elements.Skill(~Vanishthing~); dovanish.execute(self|target); } else { self.textparticle(~No effect!~); },Hadoken,EVEN,,WEAPON,PINK,change_requirements,removereusable,,_vanish,-1,NO,NO,NO,NO,NO,NO,NO,NO,1,,,,,,,,,,
Soul Jar_upgraded,Inflict [vanish]1 vanish|[gray](Reuseable),1,if(getstatus(~ncr_vanishall~) < 1 && getstatus(VANISH) < 1 && getstatus(~ncr_vanishlegacy~) < 1) { inflict(~ncr_vanish~); inflict(~ncr_internalvanish~); var dovanish = new elements.Skill(~Vanishthing~); dovanish.execute(self|target); } else { self.textparticle(~No effect!~); },Hadoken,NORMAL,,WEAPON,PINK,,,,_vanish,-1,NO,NO,NO,NO,NO,NO,NO,NO,,,,,,,,,,,
Energy Crystal,Deal [vanish]<d6> damage|Inflict [vanish]1 vanish,2,attack(d|VANISH); if(getstatus(~ncr_vanishall~) < 1 && getstatus(VANISH) < 1 && getstatus(~ncr_vanishlegacy~) < 1) { inflict(~ncr_vanish~); inflict(~ncr_internalvanish~); var dovanish = new elements.Skill(~Vanishthing~); dovanish.execute(self|target); } else { self.textparticle(~No effect!~); },Delude,EVEN,,MAGIC,PINK,simplify,complicate,,_vanish,0,NO,NO,NO,NO,NO,NO,NO,NO,,,,,,,,,,,
Light Pillar,Do [vanish]<d6> damage|(Cost [mana]1[]: inflict vanish),1,if(getstatusself(MANA) >= 1) { removestatusself(MANA|1); attack(d | VANISH); if(getstatus(~ncr_vanishall~) < 1 && getstatus(VANISH) < 1 && getstatus(~ncr_vanishlegacy~) < 1) { inflict(~ncr_vanish~); inflict(~ncr_internalvanish~); var dovanish = new elements.Skill(~Vanishthing~); dovanish.execute(self|target); } else { self.textparticle(~No effect!~); } } else { attack(d | VANISH); } ,Delude,MIN4,,MAGIC,PINK,change_power,complicate,,_vanish,0,NO,NO,YES,NO,NO,NO,NO,NO,1,,,,,,,,,,
Light Pillar_upgraded,Do [vanish]<d6> damage|(Cost [mana]1[]: inflict vanish),1,if(getstatusself(MANA) >= 1) { removestatusself(MANA|1); attack(d | VANISH); if(getstatus(~ncr_vanishall~) < 1 && getstatus(VANISH) < 1 && getstatus(~ncr_vanishlegacy~) < 1) { inflict(~ncr_vanish~); inflict(~ncr_internalvanish~); var dovanish = new elements.Skill(~Vanishthing~); dovanish.execute(self|target); } else { self.textparticle(~No effect!~); } } else { attack(d | VANISH); } ,Delude,NORMAL,,MAGIC,PINK,,,,_vanish,0,NO,NO,YES,NO,NO,NO,NO,NO,,,,,,,,,,,
Haunted Teapot,Self inflict [vanish]1 vanish|(Always offered as scrap),1,,Delude,,,ITEM,GRAY,change_power,change_power,,none,0,NO,NO,YES,NO,NO,NO,YES,NO,,,,if(getstatusself(~ncr_vanishall~) < 1 && getstatusself(VANISH) < 1 && getstatusself(~ncr_vanishlegacy~) < 1) { inflictself(~ncr_vanish~); inflictself(~ncr_internalvanish~); var dovanishself = new elements.Skill(~Vanishselfthing~); dovanishself.execute(self|target); },e.animate(~flashandshake~);,,,,,,
Haunted Teapot_upgraded,Roll an extra dice[;] get [vanish]1|(Always offered as scrap),1,,Delude,,,ITEM,GRAY,,,,none,0,NO,NO,YES,NO,NO,NO,YES,NO,,,,,e.animate(~flashandshake~); givedice(); if(getstatusself(~ncr_vanishall~) < 1 && getstatusself(VANISH) < 1 && getstatusself(~ncr_vanishlegacy~) < 1) { inflictself(~ncr_vanish~); inflictself(~ncr_internalvanish~); var dovanishself = new elements.Skill(~Vanishselfthing~); dovanishself.execute(self|target); },,,,,,
Haunted Teapot_downgraded,Self inflict [vanish]2 vanish|(Always offered as scrap),1,0,Delude,,,ITEM,GRAY,,,,none,0,NO,NO,YES,NO,NO,NO,YES,NO,,,,if(getstatusself(~ncr_vanishall~) < 1 && getstatusself(VANISH) < 1 && getstatusself(~ncr_vanishlegacy~) < 1) { inflictself(~ncr_vanish~|2); inflictself(~ncr_internalvanish~|2); var dovanishself = new elements.Skill(~Vanishselfthing~); dovanishself.execute(self|target); },e.animate(~flashandshake~);,,,,,,
Cremator,[vanish]4 damage + [vanish]1 vanish|[gray](Reuseable),1,attack(4|VANISH); if(getstatus(~ncr_vanishall~) < 1 && getstatus(VANISH) < 1 && getstatus(~ncr_vanishlegacy~) < 1) { inflict(~ncr_vanish~); inflict(~ncr_internalvanish~); var dovanish = new elements.Skill(~Vanishthing~); dovanish.execute(self|target); } else { self.textparticle(~No effect!~); },Hadoken,COUNTDOWN,8,WEAPON,PURPLE,change_power,change_power,,_vanish,-1,NO,NO,YES,NO,NO,NO,NO,NO,1,,,,,,,,,,
Cremator_upgraded,[vanish]6 damage + [vanish]1 vanish|[gray](Reuseable),1,attack(6|VANISH); if(getstatus(~ncr_vanishall~) < 1 && getstatus(VANISH) < 1 && getstatus(~ncr_vanishlegacy~) < 1) { inflict(~ncr_vanish~); inflict(~ncr_internalvanish~); var dovanish = new elements.Skill(~Vanishthing~); dovanish.execute(self|target); } else { self.textparticle(~No effect!~); },Hadoken,COUNTDOWN,8,WEAPON,PURPLE,,,,_vanish,-1,NO,NO,YES,NO,NO,NO,NO,NO,,,,,,,,,,,
Cremator_downgraded,[vanish]2 damage + [vanish]1 vanish|[gray](Reuseable),1,attack(2|VANISH); if(getstatus(~ncr_vanishall~) < 1 && getstatus(VANISH) < 1 && getstatus(~ncr_vanishlegacy~) < 1) { inflict(~ncr_vanish~); inflict(~ncr_internalvanish~); var dovanish = new elements.Skill(~Vanishthing~); dovanish.execute(self|target); } else { self.textparticle(~No effect!~); },Hadoken,COUNTDOWN,8,WEAPON,PURPLE,,,,_vanish,-1,NO,NO,YES,NO,NO,NO,NO,NO,,,,,,,,,,,
Sandstorm,Do [weaken]3[;] inflict [weaken]1 weaken|[gray](once per battle),1,attack(3|WEAKEN); inflict(WEAKEN); sfx(~_weaken~); sfxdamage(target|3);,Burrower,COUNTDOWN,5,ITEM,ORANGE,change_power,change_power,,none,0,NO,YES,NO,NO,NO,NO,NO,NO,,,,,,,,,,,
Sandstorm_upgraded,Do [weaken]4[;] inflict [weaken]1 weaken|[gray](once per battle),1,attack(4|WEAKEN); inflict(WEAKEN); sfx(~_weaken~); sfxdamage(target|4);,Burrower,COUNTDOWN,5,ITEM,ORANGE,,,,none,0,NO,YES,NO,NO,NO,NO,NO,NO,,,,,,,,,,,
Sandstorm_downgraded,Inflict [weaken]1 shock|[gray](once per battle),1,inflict(WEAKEN); sfx(~_weaken~); //removeequipment(e); commenting this out because it kind of doesn't make sense for the swapped versions to have bugs fixed from the original -ncr,Burrower,COUNTDOWN,5,ITEM,ORANGE,,,,none,0,NO,YES,NO,NO,NO,NO,NO,NO,,,,,,,,,,,
Seismometer,Do [sword]<twicetimesused> damage|Add +2 each use,2,attack((e.timesused * 2) + 4); sfxdamage(target|(e.timesused * 2) + 4); sfx(~_weaken~);,Magic Dice,COUNTDOWN,7,WEAPON,RED,reducesize,change_power,,none,0,NO,NO,NO,NO,NO,NO,NO,NO,,,,,,,,,,,
Seismometer_downgraded,Do [sword]<twicetimesused> damage,2,attack((e.timesused * 2) + 4); e.timesused--; sfxdamage(target|(e.timesused * 2) + 4); sfx(~_weaken~);,Magic Dice,COUNTDOWN,7,WEAPON,RED,,,,none,0,NO,NO,NO,NO,NO,NO,NO,NO,,,,,,,,,,,
Seismometer_weakened,Do [sword]<twicetimesused> damage,1,attack((e.timesused * 2) + 4); e.timesused--; sfxdamage(target|(e.timesused * 2) + 4); sfx(~_weaken~);,Magic Dice,COUNTDOWN,7,WEAPON,RED,,,,none,0,NO,NO,NO,NO,NO,NO,NO,NO,,,,,,,,,,,
Richter Scale,Release [sword]<charge> damage|Take damage to absorb,2,attack(e.charge); sfxdamage(target|e.charge); e.charge = 0; sfx(~_weaken~);,Mumble,DOUBLES|DOUBLES,,WEAPON,RED,change_requirements,change_power,,none,0,NO,NO,NO,NO,NO,NO,NO,NO,,,,,,,,,,,
Richter Scale_downgraded,Release[;] but do|zero damage,2,e.charge = 0; sfxdamage(target|e.charge); sfx(~_weaken~);,Mumble,DOUBLES|DOUBLES,,WEAPON,RED,,,,none,0,NO,NO,NO,NO,NO,NO,NO,NO,,,,,,,,,,,
Richter Scale_upgraded,Release [sword]<charge> damage|Take damage to absorb,2,attack(e.charge); sfxdamage(target|e.charge); e.charge = 0; sfx(~_weaken~);,Mumble,EVEN,,WEAPON,RED,,,,none,0,NO,NO,NO,NO,NO,NO,NO,NO,,,,,,,,,,,
Baton,Do [weaken]<d6> damage|[weaken]Weakens the enemy,1,attack(e.charge); sfxdamage(target|e.charge); e.charge = 0; sfx(~_weaken~);,Plasma Gun,MAX3,,WEAPON,ORANGE,change_requirements,change_function,,none,0,NO,NO,NO,NO,NO,NO,NO,NO,,,,,,,,,,,
Baton_downgraded,[weaken]Weakens the enemy,1,inflict(WEAKEN); sfx(~_weaken~);,Plasma Gun,MAX3,,WEAPON,ORANGE,,,,none,0,NO,NO,NO,NO,NO,NO,NO,NO,,,,,,,,,,,
Baton_upgraded,Do [weaken]<d6> damage|[weaken]Weakens the enemy,1,attack(d| WEAKEN); inflict(WEAKEN); sfx(~_weaken~);,Plasma Gun,MAX5,,WEAPON,ORANGE,,,,none,0,NO,NO,NO,NO,NO,NO,NO,NO,,,,,,,,,,,
Hex@swap,Even: [shock]1 shock|Odd: [weaken]1 weaken,1,if(d % 2 == 1) { inflict(WEAKEN); sfx(~_weaken~|~~|0.2); } else{ inflict(SHOCK); sfx(~_shock~|~~|0.2); },Electrify,NORMAL,,MAGIC,PURPLE,change_power,complicate,,none,0,NO,NO,NO,NO,NO,NO,NO,NO,,,,,,,,,,,
Hex@swap_upgraded,Even: [shock]2 shock|Odd: [weaken]2 weaken,1,if(d % 2 == 1) { inflict(WEAKEN| 2); sfx(~_weaken~|~~|0.2); } else{ inflict(SHOCK| 2); sfx(~_shock~|~~|0.2); },Electrify,NORMAL,,MAGIC,PURPLE,,,,none,0,NO,NO,NO,NO,NO,NO,NO,NO,,,,,,,,,,,
Static Fur,Shock [shock]3 equipment,1,inflict(SHOCK| 3); sfx(~_shock~);,Bear Smash,COUNTDOWN,10,WEAPON,YELLOW,change_power,change_power,,none,0,NO,NO,NO,NO,NO,NO,NO,NO,,,,,,,,,,,
Static Fur_upgraded,Shock [shock]4 equipment,1,inflict(SHOCK| 4); sfx(~_shock~);,Bear Smash,COUNTDOWN,10,WEAPON,YELLOW,,,,none,0,NO,NO,NO,NO,NO,NO,NO,NO,,,,,,,,,,,
Static Fur_downgraded,Shock [shock]1 equipment,1,inflict(SHOCK); sfx(~_shock~);,Bear Smash,COUNTDOWN,10,WEAPON,YELLOW,,,,none,0,NO,NO,NO,NO,NO,NO,NO,NO,,,,,,,,,,,
Ohm Flux,Do [shock]<d6> damage|[]+[shock]2 shock,2,attack(d| SHOCK); inflict(SHOCK| 2); sfx(~_shock~); sfxdamage(target|d);,Plasma Gun,ODD,,WEAPON,YELLOW,change_power,complicate,,none,0,NO,NO,NO,NO,NO,NO,NO,NO,,,,,,,,,,,
Ohm Flux_upgraded,Do [shock]<d6> damage|[]+[shock]2 shock,2,attack(d| SHOCK); inflict(SHOCK| 2); sfx(~_shock~); sfxdamage(target|d);,Plasma Gun,ODD|FREE1,,WEAPON,YELLOW,,,,none,0,NO,NO,NO,NO,NO,NO,NO,NO,,,,,,,,,,,
Cataclysm,Inflict [weaken] weaken[;]|[fire] burn[;] and [ice] freeze,1,inflict(WEAKEN); inflict(ICE); inflict(FIRE); sfx(~_fire~); sfx(~_weaken~); sfx(~_ice~);,Oh No!,COUNTDOWN,7,MAGIC,ORANGE,change_power,change_power,,none,0,NO,NO,NO,NO,NO,NO,NO,NO,1,,,,,,,,,,
Cataclysm_upgraded,Inflict [weaken]2 weaken[;]|[fire]2 burn[;] [ice]2 freeze,1,inflict(WEAKEN| 2); inflict(ICE| 2); inflict(FIRE| 2); sfx(~_fire~); sfx(~_weaken~); sfx(~_ice~);,Oh No!,COUNTDOWN,7,MAGIC,ORANGE,,,,none,0,NO,NO,NO,NO,NO,NO,NO,NO,,,,,,,,,,,
Cataclysm_downgraded,Inflict [weaken] weaken[;]|[fire] burn[;] or [ice] freeze,1,var randstatus = rand([WEAKEN|FIRE|ICE]); inflict(randstatus|1); sfx(~_~ + randstatus.toLowerCase()|~~|0.2);,Oh No!,COUNTDOWN,7,MAGIC,ORANGE,,,,none,0,NO,NO,NO,NO,NO,NO,NO,NO,,,,,,,,,,,
Eerie Impulse,Inflict [shock]5 shock|[gray](once per battle),2,sfx(~_shock~); inflict(SHOCK| 5);,Electrify,REQUIRE5,,SHIELD,YELLOW,reducesize,change_power,,none,0,NO,YES,NO,NO,NO,NO,NO,NO,,,,,,,,,,,
Eerie Impulse_downgraded,Inflict [shock]3 shock|[gray](once per battle),2,inflict(SHOCK| 3); sfx(~_shock~);,Electrify,REQUIRE3,,SHIELD,YELLOW,,,,none,0,NO,YES,NO,NO,NO,NO,NO,NO,,,,,,,,,,,
Eerie Impulse_weakened,Inflict [shock]3 shock|[gray](once per battle),1,inflict(SHOCK| 3); sfx(~_shock~);,Electrify,REQUIRE3,,SHIELD,YELLOW,,,,none,0,NO,YES,NO,NO,NO,NO,NO,NO,,,,,,,,,,,
Polaraxe,Do [sword]<d6> damage[;]|[ice]Freeze and [weaken]Weaken,1,attack(d); inflict(ICE| 1); inflict(WEAKEN| 1); sfx(~_weaken~); sfx(~_ice~); sfxdamage(target|d);,Flash Freeze,MAX4,,WEAPON,BRIGHTCYAN,change_power,change_power,,none,0,NO,NO,NO,NO,NO,NO,NO,NO,1,,,,,,,,,,
Polaraxe_upgraded,Do [sword]<d6> damage[;]|[ice]Freeze and [weaken]Weaken,1,attack(d); inflict(ICE| 1); inflict(WEAKEN| 1); sfx(~_weaken~); sfx(~_ice~); sfxdamage(target|d);,Flash Freeze,NORMAL,,WEAPON,BRIGHTCYAN,,,,none,0,NO,NO,NO,NO,NO,NO,NO,NO,,,,,,,,,,,
Polaraxe_downgraded,Do [sword]<d6> damage,1,attack(d); sfxdamage(target|d); sfx(~_ice~);,Flash Freeze,REQUIRE5,,WEAPON,BRIGHTCYAN,,,,none,0,NO,NO,NO,NO,NO,NO,NO,NO,,,,,,,,,,,
Burndiche,Do [sword]<d6> damage[;]|[fire]Burn and [weaken]Weaken,1,attack(d); inflict(FIRE| 1); inflict(WEAKEN| 1); sfx(~_weaken~); sfx(~_fire~); sfxdamage(target|d);,Hellfire,MAX4,,WEAPON,RED,change_power,change_power,,none,0,NO,NO,NO,NO,NO,NO,NO,NO,1,,,,,,,,,,
Burndiche_upgraded,Do [sword]<d6> damage[;]|[fire]Burn and [weaken]Weaken,1,attack(d); inflict(FIRE| 1); inflict(WEAKEN| 1); sfx(~_weaken~); sfx(~_fire~); sfxdamage(target|d);,Hellfire,NORMAL,,WEAPON,RED,,,,none,0,NO,NO,NO,NO,NO,NO,NO,NO,,,,,,,,,,,
Burndiche_downgraded,Do [sword]<d6> damage,1,attack(d); sfxdamage(target|d); sfx(~_fire~);,Hellfire,REQUIRE5,,WEAPON,RED,,,,none,0,NO,NO,NO,NO,NO,NO,NO,NO,,,,,,,,,,,
Power Hammer,[shock]<d6> damage + [shock]1 shock|,1,attack(d| SHOCK);  inflict(SHOCK| 1); sfx(~_shock~); sfxdamage(target|d);,Zap,MAX3,,WEAPON,YELLOW,change_power,change_power,,none,3,NO,NO,NO,NO,NO,NO,NO,NO,1,,,,,,,,,,
Power Hammer_upgraded,[shock]1 shock + [shock]<d6> damage|,1,inflict(SHOCK| 1); attack(d| SHOCK); sfx(~_shock~); sfxdamage(target|d);,Zap,MAX3|FREE1,,WEAPON,YELLOW,,,,none,3,NO,NO,NO,NO,NO,NO,NO,NO,,,,,,,,,,,
Power Hammer_downgraded,[shock]<d6> damage + [shock]1 shock|,1,attack(d| SHOCK);  inflict(SHOCK| 1); sfx(~_shock~); sfxdamage(target|d);,Zap,REQUIRE1,,WEAPON,YELLOW,,,,none,3,NO,NO,NO,NO,NO,NO,NO,NO,,,,,,,,,,,
Cement Mixer,[weaken]2 damage + [weaken]1 weaken|[gray](Reuseable),1,attack(2| WEAKEN); inflict(WEAKEN| 1); sfxdamage(target|2); sfx(~_weaken~);,Theremin,COUNTDOWN,5,WEAPON,ORANGE,change_power,change_power,,none,-1,NO,NO,NO,NO,NO,NO,NO,NO,1,,,,,,,,,,
Cement Mixer_upgraded,[weaken]3 damage + [weaken]1 weaken|[gray](Reuseable),1,attack(3| WEAKEN); inflict(WEAKEN| 1); sfxdamage(target|3); sfx(~_weaken~);,Theremin,COUNTDOWN,5,WEAPON,ORANGE,,,,none,-1,NO,NO,NO,NO,NO,NO,NO,NO,,,,,,,,,,,
Cement Mixer_downgraded,[weaken]1 damage + [weaken]1 weaken|[gray](Reuseable),1,attack(1| WEAKEN); inflict(WEAKEN| 1); sfxdamage(target|1); sfx(~_weaken~);,Theremin,COUNTDOWN,5,WEAPON,ORANGE,,,,none,-1,NO,NO,NO,NO,NO,NO,NO,NO,,,,,,,,,,,
Ampere,Inflict [shock]1 shock,2,inflict(SHOCK| 1); sfx(~_shock~);,Zap,NORMAL,,SHIELD,YELLOW,change_power,complicate,,none,0,NO,NO,NO,NO,NO,NO,NO,NO,,,,,,,,,,,
Ampere_upgraded,Inflict [shock]2 shock,2,inflict(SHOCK| 2); sfx(~_shock~);,Zap,NORMAL,,SHIELD,YELLOW,,,,none,0,NO,NO,NO,NO,NO,NO,NO,NO,,,,,,,,,,,
Closed Circuit,Roll a dice for every|[shock]1 shock on enemy,1,sfx(~_shock~); var numshock = getstatus(SHOCK); if(numshock > 0) { var returndice = []; for(i in 0 ... numshock) { returndice.push(rand([1|2|3|4|5|6])); } givedice(returndice); },Zap,MAX3,,MAGIC,YELLOW,simplify,complicate,,none,0,YES,NO,NO,NO,NO,NO,NO,NO,,,,,,,,,,,
Ant Pincer,Do [weaken]4 damage[;]|Inflict [weaken]1 weaken,1,attack(4| WEAKEN); inflict(WEAKEN | 1); sfxdamage(target|4); sfx(~_weaken~);,Mumble,COUNTDOWN,5,WEAPON,ORANGE,change_power,change_power,,none,0,NO,NO,NO,NO,NO,NO,NO,NO,,,,,,,,,,,
Ant Pincer_upgraded,Do [weaken]6 damage[;]|Inflict [weaken]1 weaken,1,attack(6| WEAKEN); inflict(WEAKEN | 1); sfxdamage(target|6); sfx(~_weaken~);,Mumble,COUNTDOWN,5,WEAPON,ORANGE,,,,none,0,NO,NO,NO,NO,NO,NO,NO,NO,,,,,,,,,,,
Ant Pincer_downgraded,Do [sword]4 damage,1,attack(4); sfxdamage(target|4); sfx(~_weaken~);,Mumble,COUNTDOWN,5,WEAPON,ORANGE,,,,none,0,NO,NO,NO,NO,NO,NO,NO,NO,,,,,,,,,,,
HP Shout,Do [shock]<d6> damage|25% chance +[shock]2 shock,1,var odds = 25; if(getstatusself(~luck~) > 0){ odds += 25; } else if(getstatusself(~luck+~) > 0){ odds = 100; } if(chance(odds)) { self.textparticle(~Success!~); inflict(SHOCK| 2); } attack(d| SHOCK); sfx(~_shock~); sfxdamage(target|d);,Zap,MAX5,,WEAPON,YELLOW,change_power,change_power,,none,0,NO,NO,NO,NO,NO,NO,NO,NO,1,,,,,,,,,,
HP Shout_upgraded,Do [shock]<d6> damage|25% chance +[shock]3 shock,1,var odds = 25; if(getstatusself(~luck~) > 0){ odds += 25; } else if(getstatusself(~luck+~) > 0){ odds = 100; } if(chance(odds)) { self.textparticle(~Success!~); inflict(SHOCK| 3); } attack(d| SHOCK); sfx(~_shock~); sfxdamage(target|d);,Zap,MAX5,,WEAPON,YELLOW,,,,none,0,NO,NO,NO,NO,NO,NO,NO,NO,,,,,,,,,,,
HP Shout_downgraded,Do [shock]<d6> damage,1,attack(d| SHOCK); sfx(~_shock~); sfxdamage(target|d);,Zap,MAX5,,WEAPON,YELLOW,,,,none,0,NO,NO,NO,NO,NO,NO,NO,NO,,,,,,,,,,,
Discharge,Do [sword]4 damage per [shock]1|Enemy loses all shock,1,attack(getstatus(SHOCK) * 4); removestatus(SHOCK| getstatus(SHOCK)); sfx(~_shock~); sfxdamage(target|getstatus(SHOCK) * 4);,Zap,DOUBLES|DOUBLES,,WEAPON,YELLOW,change_power,change_power,,none,0,NO,NO,NO,NO,NO,NO,NO,NO,1,,,,,,,,,,
Discharge_upgraded,Do [sword]5 damage per [shock]1|Enemy loses all shock,1,attack(getstatus(SHOCK) * 5); removestatus(SHOCK| getstatus(SHOCK)); sfx(~_shock~); sfxdamage(target|getstatus(SHOCK) * 5);,Zap,DOUBLES|DOUBLES,,WEAPON,YELLOW,,,,none,0,NO,NO,NO,NO,NO,NO,NO,NO,,,,,,,,,,,
Discharge_downgraded,Do [sword]2 damage per [shock]1|Enemy loses all shock,1,attack(getstatus(SHOCK) * 2); removestatus(SHOCK| getstatus(SHOCK)); sfx(~_shock~); sfxdamage(target|getstatus(SHOCK) * 2);,Zap,DOUBLES|DOUBLES,,WEAPON,YELLOW,,,,none,0,NO,NO,NO,NO,NO,NO,NO,NO,,,,,,,,,,,
Love Hertz,Do [shock]<d6> damage|[shock]Shocks enemy,2,bonus(1000); attack(d| SHOCK); inflict(SHOCK); sfx(~_shock~); sfxdamage(target|d);,Electrify,MAX4,,WEAPON,YELLOW,change_power,change_power,,none,0,NO,NO,NO,NO,NO,NO,NO,NO,,,,,,,,,,,
Love Hertz_upgraded,Do [shock]<d6> damage|[shock]Shocks enemy,2,bonus(1000); attack(d| SHOCK); inflict(SHOCK); sfx(~_shock~); sfxdamage(target|d);,Electrify,MAX5,,WEAPON,YELLOW,,,,none,0,NO,NO,NO,NO,NO,NO,NO,NO,,,,,,,,,,,
Love Hertz_downgraded,Do [shock]<d6> damage,2,bonus(1000); attack(d| SHOCK); sfx(~_shock~); sfxdamage(target|d);,Electrify,MAX4,,WEAPON,YELLOW,,,,none,0,NO,NO,NO,NO,NO,NO,NO,NO,,,,,,,,,,,
High Frequency,Do [shock]12 damage,2,attack(12|SHOCK); sfx(~_shock~); sfxdamage(target|12);,Electrify,COUNTDOWN,20,WEAPON,YELLOW,change_power,change_power,,none,0,NO,NO,NO,NO,NO,NO,NO,NO,,,,,,,,,,,
High Frequency_upgraded,Do [shock]12 damage|[shock]Shocks enemy,2,attack(12|SHOCK); inflict(SHOCK); sfx(~_shock~); sfxdamage(target|12);,Electrify,COUNTDOWN,20,WEAPON,YELLOW,,,,none,0,NO,NO,NO,NO,NO,NO,NO,NO,,,,,,,,,,,
High Frequency_downgraded,Do [shock]9 damage,2,attack(9|SHOCK); sfx(~_shock~); sfxdamage(target|9);,Electrify,COUNTDOWN,20,WEAPON,YELLOW,,,,none,0,NO,NO,NO,NO,NO,NO,NO,NO,,,,,,,,,,,
Giant Fissure,Do [weaken]20 damage[;]|[weaken]Weaken all equipment,2,attack(20| WEAKEN); inflict(WEAKEN|ALL); sfx(~_weaken~); sfxdamage(target|20);,Hellfire,COUNTDOWN,20,MAGIC,ORANGE,change_power,change_power,,none,0,NO,NO,NO,NO,NO,NO,NO,NO,,,,,,,,,,,
Giant Fissure_upgraded,Do [weaken]25 damage[;]|[weaken]Weaken all equipment,2,attack(25| WEAKEN); inflict(WEAKEN|ALL); sfx(~_weaken~); sfxdamage(target|25);,Hellfire,COUNTDOWN,20,MAGIC,ORANGE,,,,none,0,NO,NO,NO,NO,NO,NO,NO,NO,,,,,,,,,,,
Giant Fissure_downgraded,Do [weaken]10 damage[;]|[weaken]Weaken all equipment,2,attack(10| WEAKEN); inflict(WEAKEN|ALL); sfx(~_weaken~); sfxdamage(target|10);,Hellfire,COUNTDOWN,20,MAGIC,ORANGE,,,,none,0,NO,NO,NO,NO,NO,NO,NO,NO,,,,,,,,,,,
Conductivity,Do [shock]3 damage[;]|+[shock]2 if enemy is shocked,2,sfx(~_shock~); if(getstatus(SHOCK) > 0) { attack((5) | SHOCK); sfxdamage(target|5);} else { attack((3) | SHOCK); sfxdamage(target|3); },Electrify,ODD,,WEAPON,YELLOW,change_power,change_power,,none,0,NO,NO,NO,NO,NO,NO,NO,NO,,,,,,,,,,,
Conductivity_upgraded,Do [shock]3 damage[;]|+[shock]4 if enemy is shocked,2,sfx(~_shock~); if(getstatus(SHOCK) > 0) { attack((7) | SHOCK); sfxdamage(target|7); } else { attack((3) | SHOCK); sfxdamage(target|3); },Electrify,ODD,,WEAPON,YELLOW,,,,none,0,NO,NO,NO,NO,NO,NO,NO,NO,,,,,,,,,,,
Conductivity_downgraded,Do [shock]1 damage[;]|+[shock]2 if enemy is shocked,2,sfx(~_shock~); if(getstatus(SHOCK) > 0) { attack((3) | SHOCK); sfxdamage(target|3); } else { attack((1) | SHOCK); sfxdamage(target|1); },Electrify,ODD,,WEAPON,YELLOW,,,,none,0,NO,NO,NO,NO,NO,NO,NO,NO,,,,,,,,,,,
The Earth,Do [weaken]<d6> damage[;]|Weaken [weaken]6 and silence,1,attack(d| WEAKEN); inflict(WEAKEN | 6); inflict(SILENCE); sfx(~_weaken~); sfxdamage(target|12); sfx(~_silence~);,Mumble,REQUIRE6|FREE6,,MAGIC,ORANGE,change_power,change_power,,none,0,NO,NO,NO,NO,NO,NO,NO,NO,,,,,,,,,,,
The Earth_upgraded,Do [weaken]<d6> damage[;]|Weaken [weaken]6 and silence,1,attack(d| WEAKEN); inflict(WEAKEN | 6); inflict(SILENCE); sfx(~_weaken~); sfxdamage(target|12); sfx(~_silence~);,Mumble,REQUIRE6|FREE6,,MAGIC,ORANGE,,,,none,0,NO,NO,NO,NO,NO,NO,NO,NO,,,,,,,,,,,
The Earth_downgraded,Weaken [weaken]6 and silence,1,inflict(WEAKEN | 6); inflict(SILENCE); sfx(~_weaken~); sfx(~_silence~);,Mumble,REQUIRE6,,MAGIC,ORANGE,,,,none,0,NO,NO,NO,NO,NO,NO,NO,NO,,,,,,,,,,,
Grimace,Curse enemy,2,inflict(CURSE); bonus(1000);,Dramatic Pause,EVEN,,MAGIC,PURPLE,simplify,complicate,,_curse,0,NO,NO,NO,NO,NO,NO,NO,NO,,,,,,,,,,,
Cuss Words,Curse enemy|[gray](Reuseable),2,inflict(CURSE);,Dramatic Pause,ODD,,ITEM,PURPLE,change_power,removereusable,,_curse,2,NO,NO,NO,NO,NO,NO,NO,NO,,,,,,,,,,,
Cuss Words_upgraded,Curse enemy|[gray](Reuseable),2,inflict(CURSE);,Dramatic Pause,ODD,,ITEM,PURPLE,,,,_curse,3,NO,NO,NO,NO,NO,NO,NO,NO,,,,,,,,,,,
Bone Whack,Do [sword]<d6> damage[;]|inflict [curse]Curse on 3,1,attack(d); if(d == 3) { inflict(CURSE); } if(d != 3) { sfxdamage(target|d); } else {  sfxdamage(target|d); sfx(~_curse~|~~|0.2); },Regenerate,MAX3,,WEAPON,PURPLE,change_power,change_power,,none,0,NO,NO,YES,NO,NO,NO,NO,NO,1,,,,,,,,,,
Bone Whack_downgraded,Do [sword]<d6> damage[;]|inflict [curse]Curse on 2,1,attack(d); if(d == 2) { inflict(CURSE); } if(d != 2) { sfxdamage(target|d); } else {  sfxdamage(target|d); sfx(~_curse~|~~|0.2); },Regenerate,MAX2,,WEAPON,PURPLE,,,,none,0,NO,NO,YES,NO,NO,NO,NO,NO,,,,,,,,,,,
Bone Whack_upgraded,Do [sword]<d6> damage[;]|inflict [curse]Curse on 5,1,attack(d); if(d == 5) { inflict(CURSE); } if(d != 5) { sfxdamage(target|d); } else {  sfxdamage(target|d); sfx(~_curse~|~~|0.2); },Regenerate,MAX5,,WEAPON,PURPLE,,,,none,0,NO,NO,YES,NO,NO,NO,NO,NO,,,,,,,,,,,
Beetle Bodyslam,Do [sword]5 damage[;]|Curse enemy,2,attack(5); inflict(CURSE); sfxdamage(target|5); sfx(~_curse~|~~|0.1);,Dramatic Pause,COUNTDOWN,12,WEAPON,PURPLE,change_power,change_power,,none,0,NO,NO,NO,NO,NO,NO,NO,NO,,,,,,,,,,,
Beetle Bodyslam_upgraded,Do [sword]8 damage[;]|Curse enemy,2,attack(8); inflict(CURSE); sfxdamage(target|8); sfx(~_curse~|~~|0.1);,Dramatic Pause,COUNTDOWN,12,WEAPON,PURPLE,,,,none,0,NO,NO,NO,NO,NO,NO,NO,NO,,,,,,,,,,,
Beetle Bodyslam_downgraded,Curse enemy,2,inflict(CURSE);,Dramatic Pause,COUNTDOWN,12,WEAPON,PURPLE,,,,_curse,0,NO,NO,NO,NO,NO,NO,NO,NO,,,,,,,,,,,
Evil Eye,Curse enemy|[gray](Reuseable),2,inflict(CURSE);,Dramatic Pause,REQUIRE1,,WEAPON,YELLOW,change_power,change_power,,_curse,2,NO,NO,NO,NO,NO,NO,NO,NO,,,,,,,,,,,
Evil Eye_upgraded,Curse enemy|[gray](Reuseable),2,inflict(CURSE);,Dramatic Pause,REQUIRE1,,WEAPON,YELLOW,,,,_curse,-1,NO,NO,NO,NO,NO,NO,NO,NO,,,,,,,,,,,
Evil Eye_downgraded,Curse enemy,2,inflict(CURSE);,Dramatic Pause,REQUIRE1,,WEAPON,YELLOW,,,,_curse,0,NO,NO,NO,NO,NO,NO,NO,NO,,,,,,,,,,,
Dark Clouds,Do [sword]3[;] curse enemy|[gray](once per battle),2,attack(3); inflict(CURSE); sfxdamage(target|3); sfx(~_curse~|~~|0.1);,Dramatic Pause,COUNTDOWN,5,ITEM,PURPLE,change_power,change_power,,none,0,NO,YES,NO,NO,NO,NO,NO,NO,,,,,,,,,,,
Dark Clouds_upgraded,Do [sword]4[;] curse enemy|[gray](once per battle),2,attack(4); inflict(CURSE); sfxdamage(target|4); sfx(~_curse~|~~|0.1);,Dramatic Pause,COUNTDOWN,5,ITEM,PURPLE,,,,none,0,NO,YES,NO,NO,NO,NO,NO,NO,,,,,,,,,,,
Dark Clouds_downgraded,Curse enemy|[gray](once per battle),2,inflict(CURSE);,Dramatic Pause,COUNTDOWN,5,ITEM,PURPLE,,,,_curse,0,NO,YES,NO,NO,NO,NO,NO,NO,,,,,,,,,,,
Care Bear Stare,Curse enemy,1,inflict(CURSE); bonus(1000);,Dramatic Pause,REQUIRE1,,MAGIC,PURPLE,increaserange,doublerequirements,,_curse,0,NO,NO,NO,NO,NO,NO,NO,NO,,,,,,,,,,,
Dire Wolf Glare,Lock [lock]1 dice,2,inflict(LOCK);,Confiscate,DOUBLES|DOUBLES,,MAGIC,PURPLE,change_power,change_power,,_lock,0,NO,NO,NO,NO,NO,NO,NO,NO,,,,,,,,,,,
Dire Wolf Glare_upgraded,Lock [lock]1 dice,2,inflict(LOCK);,Confiscate,COUNTDOWN,10,MAGIC,PURPLE,,,,_lock,0,NO,NO,NO,NO,NO,NO,NO,NO,,,,,,,,,,,
Dire Wolf Glare_downgraded,Lock [lock]1 dice,2,inflict(LOCK);,Confiscate,REQUIRE6|REQUIRE6,,MAGIC,PURPLE,,,,_lock,0,NO,NO,NO,NO,NO,NO,NO,NO,,,,,,,,,,,
Shout,Lock [lock]1 dice,2,inflict(LOCK); bonus(1000);,Confiscate,REQUIRE2,,MAGIC,PURPLE,change_power,doublerequirements,,_lock,0,NO,NO,NO,NO,NO,NO,NO,NO,,,,,,,,,,,
Shout_upgraded,Lock [lock]1 dice,2,inflict(LOCK); bonus(1000);,Confiscate,MAX2,,MAGIC,PURPLE,,,,_lock,0,NO,NO,NO,NO,NO,NO,NO,NO,,,,,,,,,,,
Lockdown,Lock [lock]1 dice for everyone,1,inflict(LOCK); inflictself(LOCK); var selfdicelist = []; var targetdicelist = []; if(self.dicepool.length > 0) for(mydice in self.dicepool) if(mydice.available()) selfdicelist.push(mydice); if(selfdicelist.length > 0) rand(selfdicelist).animate(~lock~); if(target.dicepool.length > 0) for(mydice in target.dicepool) if(mydice.available()) targetdicelist.push(mydice); if(targetdicelist.length > 0) rand(targetdicelist).animate(~lock~);,Confiscate,EVEN,,WEAPON,PURPLE,change_power,change_power,,_lock,0,YES,NO,NO,NO,NO,NO,NO,NO,,,,,,,,,,,
Lockdown_upgraded,Lock [lock]1 dice for enemy,1,inflict(LOCK);,Confiscate,EVEN,,WEAPON,PURPLE,,,,_lock,0,YES,NO,NO,NO,NO,NO,NO,NO,,,,,,,,,,,
Lockdown_downgraded,Lock [lock]1 player dice,1,inflictself(LOCK); var selfdicelist = []; if(self.dicepool.length > 0) for(mydice in self.dicepool) if(mydice.available()) selfdicelist.push(mydice); if(selfdicelist.length > 0) rand(selfdicelist).animate(~lock~);,Confiscate,EVEN,,WEAPON,PURPLE,,,,_lock,0,YES,NO,NO,NO,NO,NO,NO,NO,,,,,,,,,,,
Shiny Crystal,Lock [lock]1 dice,2,inflict(LOCK);,Confiscate,ODD,,MAGIC,PURPLE,simplify,complicate,,_lock,0,NO,NO,NO,NO,NO,NO,NO,NO,,,,,,,,,,,
Fishing Rod,Do [sword]<d6> damage[;]|on 6[;] inflict [lock]Lock,2,attack(d); if(d == 6) inflict(LOCK); if(d < 6) { sfxdamage(target|d); } else { sfxdamage(target|d); sfx(~_lock~|~~|0.2); },Confiscate,NORMAL,,MAGIC,PURPLE,change_power,change_power,,none,0,NO,NO,YES,NO,NO,NO,NO,NO,,,,,,,,,,,
Fishing Rod_upgraded,Do [sword]<d6> damage[;]|on even[;] inflict [lock]Lock,2,attack(d); if(d % 2 == 0) inflict(LOCK); if(d % 2 == 1) { sfxdamage(target|d); } else { sfxdamage(target|d); sfx(~_lock~|~~|0.2); },Confiscate,NORMAL,,MAGIC,PURPLE,,,,none,0,NO,NO,YES,NO,NO,NO,NO,NO,,,,,,,,,,,
Fishing Rod_downgraded,Do [sword]<d6> damage,2,attack(d);,Confiscate,NORMAL,,MAGIC,PURPLE,,,,none,0,NO,NO,YES,NO,NO,NO,NO,NO,,,,,,,,,,,
Censor,Do [sword]<d6> damage[;]|double if enemy is [lock]locked,2,if(getstatus(LOCK) > 0) { attack((d * 2)); } else { attack((d)); },Confiscate,MAX3,,WEAPON,PURPLE,change_power,change_power,,none,0,NO,NO,YES,NO,NO,NO,NO,NO,,,,,,,,,,,
Censor_upgraded,Do [sword]<d6> damage[;]|double if enemy is [lock]locked,2,if(getstatus(LOCK) > 0) { attack((d * 2)); } else { attack((d)); },Confiscate,MAX4,,WEAPON,PURPLE,,,,none,0,NO,NO,YES,NO,NO,NO,NO,NO,,,,,,,,,,,
Censor_downgraded,Do [sword]<d6> damage[;]|double if enemy is [lock]locked,2,if(getstatus(LOCK) > 0) { attack((d * 2)); } else { attack((d)); },Confiscate,MAX2,,WEAPON,PURPLE,,,,none,0,NO,NO,YES,NO,NO,NO,NO,NO,,,,,,,,,,,
Doublethink,Do [sword]<d6> damage[;]|x4 if all other dice are [lock]locked,1,var alldicelocked = false; var i = 0; for(mydice in self.dicepool) { if(mydice.available && !mydice.locked) break; i++; if(i == self.dicepool.length) alldicelocked = true; } if(alldicelocked) { attack((d * 4)); } else { attack((d)); },Confiscate,MAX4,,WEAPON,PURPLE,change_power,change_power,,none,0,NO,NO,YES,NO,NO,NO,NO,NO,,,,,,,,,,,
Doublethink_upgraded,Do [sword]<d6> damage[;]|x4 if all other dice are [lock]locked,1,var alldicelocked = false; var i = 0; for(mydice in self.dicepool) { if(mydice.available && !mydice.locked) break; i++; if(i == self.dicepool.length) alldicelocked = true; } if(alldicelocked) { attack((d * 4)); } else { attack((d)); },Confiscate,MAX5,,WEAPON,PURPLE,,,,none,0,NO,NO,YES,NO,NO,NO,NO,NO,,,,,,,,,,,
Doublethink_downgraded,Do [sword]<d6> damage[;]|x4 if all other dice are [lock]locked,1,var alldicelocked = false; var i = 0; for(mydice in self.dicepool) { if(mydice.available && !mydice.locked) break; i++; if(i == self.dicepool.length) alldicelocked = true; } if(alldicelocked) { attack((d * 4)); } else { attack((d)); },Confiscate,MAX3,,WEAPON,PURPLE,,,,none,0,NO,NO,YES,NO,NO,NO,NO,NO,,,,,,,,,,,
Cliffhanger,Lock [lock]1 dice,2,inflict(LOCK); bonus(1000);,Confiscate,EVEN,,FINAL,,simplify,complicate,,none,0,NO,NO,YES,NO,NO,NO,NO,NO,,,,,,,,,,,
Illegal Mirror,Next turn[;] gain +1 dice this|fight[;] and lock yourself,1,jinx(~Illegal Mirror~|~gain +1 dice and lock yourself~|~Gain +1 dice[;] lock yourself~|~target.extradice++; inflict(LOCK); sfx(\~_lock\~|\~\~|0.2);~|self|self|1|1); sfx(~_thinghappens~);,Infinity Mirror,EVEN,,MAGIC,PURPLE,simplify,complicate,,none,0,YES,NO,YES,NO,NO,NO,NO,NO,,,,,,,,,,,
Raw Intimidation,Lock [lock]1 dice,1,inflict(LOCK);,Confiscate,COUNTDOWN,12,MAGIC,PURPLE,threequartercountdown,noeffect,,none,0,NO,NO,YES,NO,NO,NO,NO,NO,,,,,,,,,,,
House Arrest,At the start of each turn[;]|lock [lock]1 dice for everyone,1,,Confiscate,,,WEAPON,PURPLE,change_power,change_power,,none,0,YES,NO,YES,NO,NO,NO,NO,NO,,,,,e.animate(~flashandshake~); inflict(LOCK); inflictself(LOCK); var selfdicelist = []; var targetdicelist = []; if(self.dicepool.length > 0) for(mydice in self.dicepool) if(mydice.available()) selfdicelist.push(mydice); if(selfdicelist.length > 0) rand(selfdicelist).animate(~lock~); if(target.dicepool.length > 0) for(mydice in target.dicepool) if(mydice.available()) targetdicelist.push(mydice); if(targetdicelist.length > 0) rand(targetdicelist).animate(~lock~); sfx(~_lock~);,,,,,,
House Arrest_upgraded,At the start of each turn[;]|lock [lock]1 dice for enemy,1,,Confiscate,,,WEAPON,PURPLE,,,,none,0,YES,NO,YES,NO,NO,NO,NO,NO,,,,,e.animate(~flashandshake~); inflict(LOCK); sfx(~_lock~);,,,,,,
House Arrest_downgraded,At the start of each turn[;]|lock [lock]1 player dice,1,,Confiscate,,,WEAPON,PURPLE,,,,none,0,YES,NO,YES,NO,NO,NO,NO,NO,,,,,e.animate(~flashandshake~); inflictself(LOCK); var selfdicelist = []; if(self.dicepool.length > 0) for(mydice in self.dicepool) if(mydice.available()) selfdicelist.push(mydice); if(selfdicelist.length > 0) rand(selfdicelist).animate(~lock~); sfx(~_lock~);,,,,,,
Law and Order,Do [sword]30 damage[;]|lock [lock]ALL dice but two,2,var dicelock = target.dice + target.extradice + target.bonusdice - 2; attack(30); dicelock > 0 ? inflict(LOCK|dicelock),Hellfire,COUNTDOWN,20,MAGIC,PURPLE,change_power,change_power,,none,0,NO,NO,NO,NO,NO,NO,NO,NO,,,,,,,,,,,
Law and Order_upgraded,Do [sword]35 damage[;]|lock [lock]ALL dice but two,2,var dicelock = target.dice + target.extradice + target.bonusdice - 2; attack(35); dicelock > 0 ? inflict(LOCK|dicelock),Hellfire,COUNTDOWN,20,MAGIC,PURPLE,,,,none,0,NO,NO,NO,NO,NO,NO,NO,NO,,,,,,,,,,,
Law and Order_downgraded,Do [sword]20 damage[;]|lock [lock]ALL dice but two,2,var dicelock = target.dice + target.extradice + target.bonusdice - 2; attack(20); dicelock > 0 ? inflict(LOCK|dicelock),Hellfire,COUNTDOWN,20,MAGIC,PURPLE,,,,none,0,NO,NO,NO,NO,NO,NO,NO,NO,,,,,,,,,,,
Tentacle Grip,Lock [lock]1 dice,2,inflict(LOCK); bonus(1000);,Confiscate,REQUIRE4,,MAGIC,PURPLE,change_power,doublerequirements,,none,0,NO,NO,NO,NO,NO,NO,NO,NO,,,,,,,,,,,
Tentacle Grip_upgraded,Lock [lock]1 dice,2,inflict(LOCK); bonus(1000);,Confiscate,EVEN,,MAGIC,PURPLE,,,,none,0,NO,NO,NO,NO,NO,NO,NO,NO,,,,,,,,,,,
Grappling Hook,Next equipment has|+1 use this turn,1,inflictself(REEQUIPNEXT); //this was actually an old version of hookshot; except cd 8 instead of 12. couldn't make it cd 8 because that made it directly superior to yo ho ho. maybe 'hookshot' and 'grappling hook' mean the same thing and this is dumb. dunno,Efficiency,COUNTDOWN,12,ITEM,GREEN,halfcountdown,noeffect,,_recycle,0,YES,NO,NO,NO,NO,NO,NO,NO,,,,,,,,,,,
Hookpoint,Next equipment has|+1 use this turn,2,inflictself(REEQUIPNEXT);,Efficiency,EVEN,,ITEM,GREEN,simplify,complicate,,_recycle,0,YES,NO,NO,NO,NO,NO,NO,NO,,,,,,,,,,,
Pet Peeve,Repeat next action,2,inflictself(FURY); //neypah wanted this named 'rage'; unfortunately that's already the name of an unused skill,Fury,EVEN,,ITEM,RED,simplify,complicate,,_fury,0,YES,NO,NO,NO,NO,NO,NO,NO,,,,,,,,,,e.maintainfury = true; e.preventdefault = true;,
Yo Ho Ho,Next equipment has|+1 use this turn,2,inflictself(REEQUIPNEXT); //swapped around neypah's pirate sounds a bit,Efficiency,COUNTDOWN,8,MAGIC,GREEN,halfcountdown,noeffect,,_recycle,0,YES,NO,NO,NO,NO,NO,NO,NO,,,,,,,,,,,
Caw Caw Caw,Dodge next attack,2,inflictself(DODGE); //loud bird sounds overlap a bit with wax's scrapped dodge/fury swap,Quick Thinking,COUNTDOWN,8,MAGIC,YELLOW,halfcountdown,noeffect,,_dodge,0,YES,NO,NO,NO,NO,NO,NO,NO,,,,,,,,,,,
Har Har Har,Do [sword]5 damage|+2 if already used this turn,2,if(e.getvar(~used~)) { attack(7); sfxdamage(target|7); } else { attack(5); sfxdamage(target|5); } e.setvar(~used~|true);,Efficiency,COUNTDOWN,3,MAGIC,GREEN,change_power,change_power,,_recycle,0,NO,NO,YES,NO,NO,NO,NO,NO,,,,,,e.resetvar(~used~);,,,,,
Har Har Har_upgraded,Do [sword]7 damage,2,attack(7); sfxdamage(target|7);,Efficiency,COUNTDOWN,3,MAGIC,GREEN,,,,_recycle,0,NO,NO,YES,NO,NO,NO,NO,NO,,,,,,e.resetvar(~used~);,,,,,
Har Har Har_downgraded,Do [sword]3 damage|+2 if already used this turn,2,if(e.getvar(~used~)) { attack(5); sfxdamage(target|5); } else { attack(3); sfxdamage(target|3); } e.setvar(~used~|true);,Efficiency,COUNTDOWN,3,MAGIC,GREEN,,,,_recycle,0,NO,NO,YES,NO,NO,NO,NO,NO,,,,,,,,,,,
Peck Peck Peck,Do [sword]5 dmg[;] get a new|dice if you have [dodge]Dodge,2,attack(5); if(getstatusself(DODGE) > 0) givedice();,Quick Thinking,COUNTDOWN,3,MAGIC,YELLOW,change_power,change_power,,,0,NO,NO,YES,NO,NO,NO,NO,NO,,,,,,,,,,,
Peck Peck Peck_upgraded,Do [sword]7 dmg[;] get a new|dice if you have [dodge]Dodge,2,attack(7); if(getstatusself(DODGE) > 0) givedice();,Quick Thinking,COUNTDOWN,3,MAGIC,YELLOW,,,,,0,NO,NO,YES,NO,NO,NO,NO,NO,,,,,,,,,,,
Peck Peck Peck_downgraded,Do [sword]3 dmg[;] get a new|dice if you have [dodge]Dodge,2,attack(3); if(getstatusself(DODGE) > 0) givedice();,Quick Thinking,COUNTDOWN,3,MAGIC,YELLOW,,,,,0,NO,NO,YES,NO,NO,NO,NO,NO,,,,,,,,,,,
Yargh Argh Argh,Reroll a dice (maintains|[recycle]Re-Equip[] on first use),2,givedice(); trace(self.getvar(~yarghtemp~)); if(self.getvar(~yarghtemp~) > 0) { inflictself(REEQUIPNEXT); self.setvar(~yarghtemp~|self.getvar(~yarghtemp~) - 1); },Efficiency,MAX4,,MAGIC,GREEN,change_power,change_power,reequipnext,,0,YES,NO,YES,NO,NO,NO,NO,NO,,,,e.timesused = 0; self.setvar(~yarghtemp~|0);,,,,if(e.timesused == 0 && getstatusself(REEQUIPNEXT) > 0) { self.setvar(~yarghtemp~|self.getvar(~yarghtemp~) + 1); trace(~hi: ~ + self.getvar(~yarghtemp~)); },,,
Yargh Argh Argh_upgraded,Reroll a dice (maintains|[recycle]Re-Equip[] on first use),2,givedice(); trace(self.getvar(~yarghtemp~)); if(self.getvar(~yarghtemp~) > 0) { inflictself(REEQUIPNEXT); self.setvar(~yarghtemp~|self.getvar(~yarghtemp~) - 1); },Efficiency,NORMAL,,MAGIC,GREEN,,,,,0,YES,NO,YES,NO,NO,NO,NO,NO,,,,e.timesused = 0; self.setvar(~yarghtemp~|0);,,,,if(e.timesused == 0 && getstatusself(REEQUIPNEXT) > 0) { self.setvar(~yarghtemp~|self.getvar(~yarghtemp~) + 1); trace(~hi: ~ + self.getvar(~yarghtemp~)); },,,
Yargh Argh Argh_downgraded,Reroll a dice,2,0,Efficiency,MAX4,,MAGIC,GREEN,,,,,0,YES,NO,YES,NO,NO,NO,NO,NO,,,,,,,,,,,
Yargh Argh Argh?,Reroll a dice|(ignores [recycle]Re-Equip[]),2,if(e.getvar(~reeq~) > 0) { for(mystat in self.status) { if(mystat.type == ~alternate_reequipnext~) { mystat.value = e.getvar(~reeq~); e.resetvar(~reeq~); } } } givedice();,Efficiency,MAX4,,MAGIC,GREEN,change_power,change_power,,,0,YES,NO,YES,NO,NO,NO,NO,NO,,,,,,,,if(self.status.length > 0) { for(mystat in self.status) { if(mystat.type == ~alternate_reequipnext~) { e.setvar(~reeq~|mystat.value); mystat.value = 0; } } },,,
Yargh Argh Argh?_upgraded,Reroll a dice|(ignores [recycle]Re-Equip[]),2,if(e.getvar(~reeq~) > 0) { for(mystat in self.status) { if(mystat.type == ~alternate_reequipnext~) { mystat.value = e.getvar(~reeq~); e.resetvar(~reeq~); } } } givedice();,Efficiency,NORMAL,,MAGIC,GREEN,,,,,0,YES,NO,YES,NO,NO,NO,NO,NO,,,,,,,,if(self.status.length > 0) { for(mystat in self.status) { if(mystat.type == ~alternate_reequipnext~) { e.setvar(~reeq~|mystat.value); mystat.value = 0; } } },,,
Yargh Argh Argh?_downgraded,Reroll a dice,2,givedice();,Efficiency,MAX4,,MAGIC,GREEN,,,,,0,YES,NO,YES,NO,NO,NO,NO,NO,,,,,,,,,,,
get alt reequip test,yep!,1,inflictself(~alternate_reequipnext~);,Time Stop,NORMAL,,MAGIC,GREEN,,,,none,0,YES,NO,NO,NO,NO,NO,NO,NO,,,,,,,,,,,
Sacred Grounds,Do [sword]<d6> damage[;] inflict|[vanish]Vanish and [weaken]Weaken,1,attack(d); if(getstatus(~ncr_vanishall~) < 1 && getstatus(VANISH) < 1 && getstatus(~ncr_vanishlegacy~) < 1) { inflict(~ncr_vanish~); inflict(~ncr_internalvanish~); var dovanish = new elements.Skill(~Vanishthing~); dovanish.execute(self|target); } else { self.textparticle(~No effect!~); } inflict(WEAKEN| 1); sfx(~_vanish~|~~|0.2); sfx(~_weaken~|~~|0.2);,Hadoken,MAX4,,WEAPON,PINK,change_power,change_power,,_damage,0,NO,NO,YES,NO,NO,NO,NO,NO,1,,,,,,,,,,
Sacred Grounds_upgraded,Do [sword]<d6> damage[;] inflict|[vanish]Vanish and [weaken]Weaken,1,attack(d); if(getstatus(~ncr_vanishall~) < 1 && getstatus(VANISH) < 1 && getstatus(~ncr_vanishlegacy~) < 1) { inflict(~ncr_vanish~); inflict(~ncr_internalvanish~); var dovanish = new elements.Skill(~Vanishthing~); dovanish.execute(self|target); } else { self.textparticle(~No effect!~); } inflict(WEAKEN| 1); sfx(~_vanish~|~~|0.2); sfx(~_weaken~|~~|0.2);,Hadoken,NORMAL,,WEAPON,PINK,,,,_damage,0,NO,NO,YES,NO,NO,NO,NO,NO,,,,,,,,,,,
Sacred Grounds_downgraded,Do [sword]<d6> damage,1,attack(d);,Hadoken,REQUIRE5,,WEAPON,PINK,,,,_damage,0,NO,NO,YES,NO,NO,NO,NO,NO,,,,,,,,,,,
Ghost Story,Inflict [shock] shock[;]|[vanish] vanish[;] and [ice] freeze,1,inflict(SHOCK); inflict(ICE); if(getstatus(~ncr_vanishall~) < 1 && getstatus(VANISH) < 1 && getstatus(~ncr_vanishlegacy~) < 1) { inflict(~ncr_vanish~); inflict(~ncr_internalvanish~); var dovanish = new elements.Skill(~Vanishthing~); dovanish.execute(self|target); },Oh No!,COUNTDOWN,7,MAGIC,PINK,change_power,change_power,,_multistatus,0,NO,NO,NO,NO,NO,NO,NO,NO,1,,,,,,,,,,
Ghost Story_upgraded,Inflict [shock]2 shock[;]|[vanish]2 vanish[;] [ice]2 freeze,1,inflict(SHOCK| 2); inflict(ICE| 2); if(getstatus(~ncr_vanishall~) < 1 && getstatus(VANISH) < 1 && getstatus(~ncr_vanishlegacy~) < 1) { inflict(~ncr_vanish~|2); inflict(~ncr_internalvanish~|2); var dovanish = new elements.Skill(~Vanishthing~); dovanish.execute(self|target); },Oh No!,COUNTDOWN,7,MAGIC,PINK,,,,_multistatus,0,NO,NO,NO,NO,NO,NO,NO,NO,,,,,,,,,,,
Ghost Story_downgraded,Inflict [shock] shock[;]|[vanish] vanish[;] or [ice] freeze,1,var randstatus = rand([SHOCK|~vanish~|ICE]); if(randstatus != ~vanish~) { inflict(randstatus|1); } else { if(getstatus(~ncr_vanishall~) < 1 && getstatus(VANISH) < 1 && getstatus(~ncr_vanishlegacy~) < 1) { inflict(~ncr_vanish~); inflict(~ncr_internalvanish~); var dovanish = new elements.Skill(~Vanishthing~); dovanish.execute(self|target); } else { self.textparticle(~No effect!~); } } sfx(~_~ + randstatus.toLowerCase()|~~|0.2);,Oh No!,COUNTDOWN,7,MAGIC,PINK,,,,none,0,NO,NO,NO,NO,NO,NO,NO,NO,,,,,,,,,,,
Ghost Town,Inflict [weaken] weaken[;]|[vanish] vanish[;] and [ice] freeze,1,inflict(WEAKEN); inflict(ICE); if(getstatus(~ncr_vanishall~) < 1 && getstatus(VANISH) < 1 && getstatus(~ncr_vanishlegacy~) < 1) { inflict(~ncr_vanish~); inflict(~ncr_internalvanish~); var dovanish = new elements.Skill(~Vanishthing~); dovanish.execute(self|target); },Oh No!,COUNTDOWN,7,MAGIC,PURPLE,change_power,change_power,,_multistatus,0,NO,NO,NO,NO,NO,NO,NO,NO,1,,,,,,,,,,
Ghost Town_upgraded,Inflict [weaken]2 weaken[;]|[vanish]2 vanish[;] [ice]2 freeze,1,inflict(WEAKEN| 2); inflict(ICE| 2); if(getstatus(~ncr_vanishall~) < 1 && getstatus(VANISH) < 1 && getstatus(~ncr_vanishlegacy~) < 1) { inflict(~ncr_vanish~|2); inflict(~ncr_internalvanish~|2); var dovanish = new elements.Skill(~Vanishthing~); dovanish.execute(self|target); },Oh No!,COUNTDOWN,7,MAGIC,PURPLE,,,,_multistatus,0,NO,NO,NO,NO,NO,NO,NO,NO,,,,,,,,,,,
Ghost Town_downgraded,Inflict [weaken] weaken[;]|[vanish] vanish[;] or [ice] freeze,1,var randstatus = rand([WEAKEN|~vanish~|ICE]); if(randstatus != ~vanish~) { inflict(randstatus|1); } else { if(getstatus(~ncr_vanishall~) < 1 && getstatus(VANISH) < 1 && getstatus(~ncr_vanishlegacy~) < 1) { inflict(~ncr_vanish~); inflict(~ncr_internalvanish~); var dovanish = new elements.Skill(~Vanishthing~); dovanish.execute(self|target); } else { self.textparticle(~No effect!~); } } sfx(~_~ + randstatus.toLowerCase()|~~|0.2);,Oh No!,COUNTDOWN,7,MAGIC,PURPLE,,,,none,0,NO,NO,NO,NO,NO,NO,NO,NO,,,,,,,,,,,
